id,country_code,role_id,year,demand_index,job_postings_thousands,remote_postings_thousands
1,US,1,2015,100,45.0,13.5
2,US,1,2016,104,46.8,14.0
3,US,1,2017,109,49.0,14.7
4,US,1,2018,115,51.8,15.5
5,US,1,2019,121,54.5,16.3
6,US,1,2020,118,53.1,15.9
7,US,1,2021,124,55.8,16.7
8,US,1,2022,130,58.5,17.6
9,US,1,2023,142,63.9,19.2
10,US,1,2024,158,71.1,21.3
11,US,1,2025,172,77.4,23.2
12,US,2,2015,100,38.0,11.4
13,US,2,2016,105,39.9,12.0
14,US,2,2017,111,42.2,12.7
15,US,2,2018,118,44.8,13.4
16,US,2,2019,126,47.9,14.4
17,US,2,2020,122,46.4,13.9
18,US,2,2021,129,49.0,14.7
19,US,2,2022,137,52.1,15.6
20,US,2,2023,151,57.4,17.2
21,US,2,2024,168,63.8,19.1
22,US,2,2025,185,70.3,21.1
23,US,3,2015,100,32.0,9.6
24,US,3,2016,107,34.2,10.3
25,US,3,2017,115,36.8,11.0
26,US,3,2018,124,39.7,11.9
27,US,3,2019,134,42.9,12.9
28,US,3,2020,130,41.6,12.5
29,US,3,2021,139,44.5,13.3
30,US,3,2022,149,47.7,14.3
31,US,3,2023,166,53.1,15.9
32,US,3,2024,187,59.8,17.9
33,US,3,2025,210,67.2,20.2
34,US,4,2015,100,28.0,8.4
35,US,4,2016,109,30.5,9.2
36,US,4,2017,119,33.3,10.0
37,US,4,2018,130,36.4,10.9
38,US,4,2019,143,40.0,12.0
39,US,4,2020,138,38.6,11.6
40,US,4,2021,149,41.7,12.5
41,US,4,2022,161,45.1,13.5
42,US,4,2023,183,51.2,15.4
43,US,4,2024,212,59.4,17.8
44,US,4,2025,245,68.6,20.6
45,US,5,2015,100,22.0,6.6
46,US,5,2016,110,24.2,7.3
47,US,5,2017,122,26.8,8.0
48,US,5,2018,135,29.7,8.9
49,US,5,2019,150,33.0,9.9
50,US,5,2020,145,31.9,9.6
51,US,5,2021,157,34.5,10.3
52,US,5,2022,171,37.6,11.3
53,US,5,2023,198,43.6,13.1
54,US,5,2024,235,51.7,15.5
55,US,5,2025,278,61.2,18.4
56,US,6,2015,100,42.0,12.6
57,US,6,2016,103,43.3,13.0
58,US,6,2017,107,44.9,13.5
59,US,6,2018,111,46.6,14.0
60,US,6,2019,115,48.3,14.5
61,US,6,2020,112,47.0,14.1
62,US,6,2021,116,48.7,14.6
63,US,6,2022,120,50.4,15.1
64,US,6,2023,126,52.9,15.9
65,US,6,2024,133,55.9,16.8
66,US,6,2025,140,58.8,17.6
67,US,7,2015,100,48.0,14.4
68,US,7,2016,105,50.4,15.1
69,US,7,2017,111,53.3,16.0
70,US,7,2018,117,56.2,16.9
71,US,7,2019,124,59.5,17.8
72,US,7,2020,120,57.6,17.3
73,US,7,2021,127,61.0,18.3
74,US,7,2022,134,64.3,19.3
75,US,7,2023,147,70.6,21.2
76,US,7,2024,162,77.8,23.3
77,US,7,2025,178,85.4,25.6
78,US,8,2015,100,30.0,9.0
79,US,8,2016,108,32.4,9.7
80,US,8,2017,117,35.1,10.5
81,US,8,2018,127,38.1,11.4
82,US,8,2019,138,41.4,12.4
83,US,8,2020,134,40.2,12.1
84,US,8,2021,144,43.2,13.0
85,US,8,2022,155,46.5,13.9
86,US,8,2023,172,51.6,15.5
87,US,8,2024,193,57.9,17.4
88,US,8,2025,215,64.5,19.3
89,US,9,2015,100,33.0,9.9
90,US,9,2016,107,35.3,10.6
91,US,9,2017,115,38.0,11.4
92,US,9,2018,123,40.6,12.2
93,US,9,2019,132,43.6,13.1
94,US,9,2020,128,42.2,12.7
95,US,9,2021,137,45.2,13.6
96,US,9,2022,147,48.5,14.5
97,US,9,2023,162,53.5,16.1
98,US,9,2024,180,59.4,17.8
99,US,9,2025,199,65.7,19.7
100,US,10,2015,100,27.0,8.1
101,US,10,2016,106,28.6,8.6
102,US,10,2017,113,30.5,9.2
103,US,10,2018,120,32.4,9.7
104,US,10,2019,128,34.6,10.4
105,US,10,2020,124,33.5,10.0
106,US,10,2021,132,35.6,10.7
107,US,10,2022,141,38.1,11.4
108,US,10,2023,157,42.4,12.7
109,US,10,2024,176,47.5,14.2
110,US,10,2025,196,52.9,15.9
111,US,11,2015,100,40.0,12.0
112,US,11,2016,103,41.2,12.4
113,US,11,2017,107,42.8,12.8
114,US,11,2018,111,44.4,13.3
115,US,11,2019,115,46.0,13.8
116,US,11,2020,112,44.8,13.4
117,US,11,2021,116,46.4,13.9
118,US,11,2022,120,48.0,14.4
119,US,11,2023,126,50.4,15.1
120,US,11,2024,133,53.2,16.0
121,US,11,2025,140,56.0,16.8
122,US,12,2015,100,35.0,10.5
123,US,12,2016,104,36.4,10.9
124,US,12,2017,109,38.1,11.4
125,US,12,2018,114,39.9,12.0
126,US,12,2019,120,42.0,12.6
127,US,12,2020,117,41.0,12.3
128,US,12,2021,122,42.7,12.8
129,US,12,2022,127,44.5,13.3
130,US,12,2023,135,47.2,14.2
131,US,12,2024,144,50.4,15.1
132,US,12,2025,153,53.5,16.1
133,US,13,2015,100,38.0,11.4
134,US,13,2016,105,39.9,12.0
135,US,13,2017,111,42.2,12.7
136,US,13,2018,117,44.5,13.3
137,US,13,2019,124,47.1,14.1
138,US,13,2020,120,45.6,13.7
139,US,13,2021,127,48.3,14.5
140,US,13,2022,134,50.9,15.3
141,US,13,2023,147,55.9,16.8
142,US,13,2024,160,60.8,18.2
143,US,13,2025,175,66.5,19.9
144,US,14,2015,100,25.0,7.5
145,US,14,2016,102,25.5,7.6
146,US,14,2017,105,26.2,7.9
147,US,14,2018,108,27.0,8.1
148,US,14,2019,111,27.8,8.3
149,US,14,2020,108,27.0,8.1
150,US,14,2021,111,27.8,8.3
151,US,14,2022,114,28.5,8.5
152,US,14,2023,119,29.8,8.9
153,US,14,2024,124,31.0,9.3
154,US,14,2025,129,32.2,9.7
155,US,15,2015,100,28.0,8.4
156,US,15,2016,102,28.6,8.6
157,US,15,2017,104,29.1,8.7
158,US,15,2018,107,30.0,9.0
159,US,15,2019,110,30.8,9.2
160,US,15,2020,107,30.0,9.0
161,US,15,2021,110,30.8,9.2
162,US,15,2022,113,31.6,9.5
163,US,15,2023,118,33.0,9.9
164,US,15,2024,123,34.4,10.3
165,US,15,2025,128,35.8,10.7
166,IN,1,2015,100,38.2,11.5
167,IN,1,2016,104,39.8,11.9
168,IN,1,2017,109,41.7,12.5
169,IN,1,2018,115,44.0,13.2
170,IN,1,2019,121,46.3,13.9
171,IN,1,2020,118,45.1,13.5
172,IN,1,2021,124,47.4,14.2
173,IN,1,2022,130,49.7,14.9
174,IN,1,2023,142,54.3,16.3
175,IN,1,2024,158,60.4,18.1
176,IN,1,2025,172,65.8,19.7
177,IN,2,2015,100,32.3,9.7
178,IN,2,2016,105,33.9,10.2
179,IN,2,2017,111,35.9,10.8
180,IN,2,2018,118,38.1,11.4
181,IN,2,2019,126,40.7,12.2
182,IN,2,2020,122,39.4,11.8
183,IN,2,2021,129,41.7,12.5
184,IN,2,2022,137,44.3,13.3
185,IN,2,2023,151,48.8,14.6
186,IN,2,2024,168,54.3,16.3
187,IN,2,2025,185,59.8,17.9
188,IN,3,2015,100,27.2,8.2
189,IN,3,2016,107,29.1,8.7
190,IN,3,2017,115,31.3,9.4
191,IN,3,2018,124,33.7,10.1
192,IN,3,2019,134,36.4,10.9
193,IN,3,2020,130,35.4,10.6
194,IN,3,2021,139,37.8,11.3
195,IN,3,2022,149,40.5,12.2
196,IN,3,2023,166,45.2,13.6
197,IN,3,2024,187,50.9,15.3
198,IN,3,2025,210,57.1,17.1
199,IN,4,2015,100,23.8,7.1
200,IN,4,2016,109,25.9,7.8
201,IN,4,2017,119,28.3,8.5
202,IN,4,2018,130,30.9,9.3
203,IN,4,2019,143,34.0,10.2
204,IN,4,2020,138,32.8,9.8
205,IN,4,2021,149,35.5,10.7
206,IN,4,2022,161,38.3,11.5
207,IN,4,2023,183,43.6,13.1
208,IN,4,2024,212,50.5,15.1
209,IN,4,2025,245,58.3,17.5
210,IN,5,2015,100,18.7,5.6
211,IN,5,2016,110,20.6,6.2
212,IN,5,2017,122,22.8,6.8
213,IN,5,2018,135,25.2,7.6
214,IN,5,2019,150,28.1,8.4
215,IN,5,2020,145,27.1,8.1
216,IN,5,2021,157,29.4,8.8
217,IN,5,2022,171,32.0,9.6
218,IN,5,2023,198,37.0,11.1
219,IN,5,2024,235,43.9,13.2
220,IN,5,2025,278,52.0,15.6
221,IN,6,2015,100,35.7,10.7
222,IN,6,2016,103,36.8,11.0
223,IN,6,2017,107,38.2,11.5
224,IN,6,2018,111,39.6,11.9
225,IN,6,2019,115,41.1,12.3
226,IN,6,2020,112,40.0,12.0
227,IN,6,2021,116,41.4,12.4
228,IN,6,2022,120,42.8,12.8
229,IN,6,2023,126,45.0,13.5
230,IN,6,2024,133,47.5,14.2
231,IN,6,2025,140,50.0,15.0
232,IN,7,2015,100,40.8,12.2
233,IN,7,2016,105,42.8,12.8
234,IN,7,2017,111,45.3,13.6
235,IN,7,2018,117,47.7,14.3
236,IN,7,2019,124,50.6,15.2
237,IN,7,2020,120,49.0,14.7
238,IN,7,2021,127,51.8,15.5
239,IN,7,2022,134,54.7,16.4
240,IN,7,2023,147,60.0,18.0
241,IN,7,2024,162,66.1,19.8
242,IN,7,2025,178,72.6,21.8
243,IN,8,2015,100,25.5,7.6
244,IN,8,2016,108,27.5,8.2
245,IN,8,2017,117,29.8,8.9
246,IN,8,2018,127,32.4,9.7
247,IN,8,2019,138,35.2,10.6
248,IN,8,2020,134,34.2,10.3
249,IN,8,2021,144,36.7,11.0
250,IN,8,2022,155,39.5,11.8
251,IN,8,2023,172,43.9,13.2
252,IN,8,2024,193,49.2,14.8
253,IN,8,2025,215,54.8,16.4
254,IN,9,2015,100,28.1,8.4
255,IN,9,2016,107,30.0,9.0
256,IN,9,2017,115,32.3,9.7
257,IN,9,2018,123,34.5,10.3
258,IN,9,2019,132,37.0,11.1
259,IN,9,2020,128,35.9,10.8
260,IN,9,2021,137,38.4,11.5
261,IN,9,2022,147,41.2,12.4
262,IN,9,2023,162,45.4,13.6
263,IN,9,2024,180,50.5,15.1
264,IN,9,2025,199,55.8,16.7
265,IN,10,2015,100,22.9,6.9
266,IN,10,2016,106,24.3,7.3
267,IN,10,2017,113,25.9,7.8
268,IN,10,2018,120,27.5,8.2
269,IN,10,2019,128,29.4,8.8
270,IN,10,2020,124,28.5,8.5
271,IN,10,2021,132,30.3,9.1
272,IN,10,2022,141,32.4,9.7
273,IN,10,2023,157,36.0,10.8
274,IN,10,2024,176,40.4,12.1
275,IN,10,2025,196,45.0,13.5
276,IN,11,2015,100,34.0,10.2
277,IN,11,2016,103,35.0,10.5
278,IN,11,2017,107,36.4,10.9
279,IN,11,2018,111,37.7,11.3
280,IN,11,2019,115,39.1,11.7
281,IN,11,2020,112,38.1,11.4
282,IN,11,2021,116,39.4,11.8
283,IN,11,2022,120,40.8,12.2
284,IN,11,2023,126,42.8,12.8
285,IN,11,2024,133,45.2,13.6
286,IN,11,2025,140,47.6,14.3
287,IN,12,2015,100,29.8,8.9
288,IN,12,2016,104,30.9,9.3
289,IN,12,2017,109,32.4,9.7
290,IN,12,2018,114,33.9,10.2
291,IN,12,2019,120,35.7,10.7
292,IN,12,2020,117,34.8,10.4
293,IN,12,2021,122,36.3,10.9
294,IN,12,2022,127,37.8,11.3
295,IN,12,2023,135,40.2,12.1
296,IN,12,2024,144,42.8,12.8
297,IN,12,2025,153,45.5,13.7
298,IN,13,2015,100,32.3,9.7
299,IN,13,2016,105,33.9,10.2
300,IN,13,2017,111,35.9,10.8
301,IN,13,2018,117,37.8,11.3
302,IN,13,2019,124,40.1,12.0
303,IN,13,2020,120,38.8,11.6
304,IN,13,2021,127,41.0,12.3
305,IN,13,2022,134,43.3,13.0
306,IN,13,2023,147,47.5,14.2
307,IN,13,2024,160,51.7,15.5
308,IN,13,2025,175,56.5,16.9
309,IN,14,2015,100,21.2,6.4
310,IN,14,2016,102,21.7,6.5
311,IN,14,2017,105,22.3,6.7
312,IN,14,2018,108,22.9,6.9
313,IN,14,2019,111,23.6,7.1
314,IN,14,2020,108,22.9,6.9
315,IN,14,2021,111,23.6,7.1
316,IN,14,2022,114,24.2,7.3
317,IN,14,2023,119,25.3,7.6
318,IN,14,2024,124,26.4,7.9
319,IN,14,2025,129,27.4,8.2
320,IN,15,2015,100,23.8,7.1
321,IN,15,2016,102,24.3,7.3
322,IN,15,2017,104,24.8,7.4
323,IN,15,2018,107,25.5,7.6
324,IN,15,2019,110,26.2,7.9
325,IN,15,2020,107,25.5,7.6
326,IN,15,2021,110,26.2,7.9
327,IN,15,2022,113,26.9,8.1
328,IN,15,2023,118,28.1,8.4
329,IN,15,2024,123,29.3,8.8
330,IN,15,2025,128,30.5,9.2
331,GB,1,2015,100,35.1,10.5
332,GB,1,2016,104,36.5,10.9
333,GB,1,2017,109,38.3,11.5
334,GB,1,2018,115,40.4,12.1
335,GB,1,2019,121,42.5,12.8
336,GB,1,2020,118,41.4,12.4
337,GB,1,2021,124,43.5,13.0
338,GB,1,2022,130,45.6,13.7
339,GB,1,2023,142,49.8,14.9
340,GB,1,2024,158,55.5,16.6
341,GB,1,2025,172,60.4,18.1
342,GB,2,2015,100,29.6,8.9
343,GB,2,2016,105,31.1,9.3
344,GB,2,2017,111,32.9,9.9
345,GB,2,2018,118,35.0,10.5
346,GB,2,2019,126,37.3,11.2
347,GB,2,2020,122,36.2,10.9
348,GB,2,2021,129,38.2,11.5
349,GB,2,2022,137,40.6,12.2
350,GB,2,2023,151,44.8,13.4
351,GB,2,2024,168,49.8,14.9
352,GB,2,2025,185,54.8,16.4
353,GB,3,2015,100,25.0,7.5
354,GB,3,2016,107,26.7,8.0
355,GB,3,2017,115,28.7,8.6
356,GB,3,2018,124,31.0,9.3
357,GB,3,2019,134,33.4,10.0
358,GB,3,2020,130,32.4,9.7
359,GB,3,2021,139,34.7,10.4
360,GB,3,2022,149,37.2,11.2
361,GB,3,2023,166,41.4,12.4
362,GB,3,2024,187,46.7,14.0
363,GB,3,2025,210,52.4,15.7
364,GB,4,2015,100,21.8,6.5
365,GB,4,2016,109,23.8,7.1
366,GB,4,2017,119,26.0,7.8
367,GB,4,2018,130,28.4,8.5
368,GB,4,2019,143,31.2,9.4
369,GB,4,2020,138,30.1,9.0
370,GB,4,2021,149,32.5,9.8
371,GB,4,2022,161,35.2,10.6
372,GB,4,2023,183,40.0,12.0
373,GB,4,2024,212,46.3,13.9
374,GB,4,2025,245,53.5,16.1
375,GB,5,2015,100,17.2,5.2
376,GB,5,2016,110,18.9,5.7
377,GB,5,2017,122,20.9,6.3
378,GB,5,2018,135,23.2,7.0
379,GB,5,2019,150,25.7,7.7
380,GB,5,2020,145,24.9,7.5
381,GB,5,2021,157,26.9,8.1
382,GB,5,2022,171,29.3,8.8
383,GB,5,2023,198,34.0,10.2
384,GB,5,2024,235,40.3,12.1
385,GB,5,2025,278,47.7,14.3
386,GB,6,2015,100,32.8,9.8
387,GB,6,2016,103,33.7,10.1
388,GB,6,2017,107,35.1,10.5
389,GB,6,2018,111,36.4,10.9
390,GB,6,2019,115,37.7,11.3
391,GB,6,2020,112,36.7,11.0
392,GB,6,2021,116,38.0,11.4
393,GB,6,2022,120,39.3,11.8
394,GB,6,2023,126,41.3,12.4
395,GB,6,2024,133,43.6,13.1
396,GB,6,2025,140,45.9,13.8
397,GB,7,2015,100,37.4,11.2
398,GB,7,2016,105,39.3,11.8
399,GB,7,2017,111,41.6,12.5
400,GB,7,2018,117,43.8,13.1
401,GB,7,2019,124,46.4,13.9
402,GB,7,2020,120,44.9,13.5
403,GB,7,2021,127,47.5,14.2
404,GB,7,2022,134,50.2,15.1
405,GB,7,2023,147,55.0,16.5
406,GB,7,2024,162,60.7,18.2
407,GB,7,2025,178,66.6,20.0
408,GB,8,2015,100,23.4,7.0
409,GB,8,2016,108,25.3,7.6
410,GB,8,2017,117,27.4,8.2
411,GB,8,2018,127,29.7,8.9
412,GB,8,2019,138,32.3,9.7
413,GB,8,2020,134,31.4,9.4
414,GB,8,2021,144,33.7,10.1
415,GB,8,2022,155,36.3,10.9
416,GB,8,2023,172,40.2,12.1
417,GB,8,2024,193,45.2,13.6
418,GB,8,2025,215,50.3,15.1
419,GB,9,2015,100,25.7,7.7
420,GB,9,2016,107,27.5,8.2
421,GB,9,2017,115,29.6,8.9
422,GB,9,2018,123,31.7,9.5
423,GB,9,2019,132,34.0,10.2
424,GB,9,2020,128,32.9,9.9
425,GB,9,2021,137,35.3,10.6
426,GB,9,2022,147,37.8,11.3
427,GB,9,2023,162,41.7,12.5
428,GB,9,2024,180,46.3,13.9
429,GB,9,2025,199,51.2,15.4
430,GB,10,2015,100,21.1,6.3
431,GB,10,2016,106,22.3,6.7
432,GB,10,2017,113,23.8,7.1
433,GB,10,2018,120,25.3,7.6
434,GB,10,2019,128,27.0,8.1
435,GB,10,2020,124,26.1,7.8
436,GB,10,2021,132,27.8,8.3
437,GB,10,2022,141,29.7,8.9
438,GB,10,2023,157,33.1,9.9
439,GB,10,2024,176,37.1,11.1
440,GB,10,2025,196,41.3,12.4
441,GB,11,2015,100,31.2,9.4
442,GB,11,2016,103,32.1,9.6
443,GB,11,2017,107,33.4,10.0
444,GB,11,2018,111,34.6,10.4
445,GB,11,2019,115,35.9,10.8
446,GB,11,2020,112,34.9,10.5
447,GB,11,2021,116,36.2,10.9
448,GB,11,2022,120,37.4,11.2
449,GB,11,2023,126,39.3,11.8
450,GB,11,2024,133,41.5,12.4
451,GB,11,2025,140,43.7,13.1
452,GB,12,2015,100,27.3,8.2
453,GB,12,2016,104,28.4,8.5
454,GB,12,2017,109,29.8,8.9
455,GB,12,2018,114,31.1,9.3
456,GB,12,2019,120,32.8,9.8
457,GB,12,2020,117,31.9,9.6
458,GB,12,2021,122,33.3,10.0
459,GB,12,2022,127,34.7,10.4
460,GB,12,2023,135,36.9,11.1
461,GB,12,2024,144,39.3,11.8
462,GB,12,2025,153,41.8,12.5
463,GB,13,2015,100,29.6,8.9
464,GB,13,2016,105,31.1,9.3
465,GB,13,2017,111,32.9,9.9
466,GB,13,2018,117,34.7,10.4
467,GB,13,2019,124,36.8,11.0
468,GB,13,2020,120,35.6,10.7
469,GB,13,2021,127,37.6,11.3
470,GB,13,2022,134,39.7,11.9
471,GB,13,2023,147,43.6,13.1
472,GB,13,2024,160,47.4,14.2
473,GB,13,2025,175,51.9,15.6
474,GB,14,2015,100,19.5,5.8
475,GB,14,2016,102,19.9,6.0
476,GB,14,2017,105,20.5,6.1
477,GB,14,2018,108,21.1,6.3
478,GB,14,2019,111,21.6,6.5
479,GB,14,2020,108,21.1,6.3
480,GB,14,2021,111,21.6,6.5
481,GB,14,2022,114,22.2,6.7
482,GB,14,2023,119,23.2,7.0
483,GB,14,2024,124,24.2,7.3
484,GB,14,2025,129,25.2,7.6
485,GB,15,2015,100,21.8,6.5
486,GB,15,2016,102,22.3,6.7
487,GB,15,2017,104,22.7,6.8
488,GB,15,2018,107,23.4,7.0
489,GB,15,2019,110,24.0,7.2
490,GB,15,2020,107,23.4,7.0
491,GB,15,2021,110,24.0,7.2
492,GB,15,2022,113,24.7,7.4
493,GB,15,2023,118,25.8,7.7
494,GB,15,2024,123,26.9,8.1
495,GB,15,2025,128,28.0,8.4
496,CA,1,2015,100,40.5,12.2
497,CA,1,2016,104,42.1,12.6
498,CA,1,2017,109,44.1,13.2
499,CA,1,2018,115,46.6,14.0
500,CA,1,2019,121,49.0,14.7
501,CA,1,2020,118,47.8,14.3
502,CA,1,2021,124,50.2,15.1
503,CA,1,2022,130,52.6,15.8
504,CA,1,2023,142,57.5,17.2
505,CA,1,2024,158,64.0,19.2
506,CA,1,2025,172,69.7,20.9
507,CA,2,2015,100,34.2,10.3
508,CA,2,2016,105,35.9,10.8
509,CA,2,2017,111,38.0,11.4
510,CA,2,2018,118,40.4,12.1
511,CA,2,2019,126,43.1,12.9
512,CA,2,2020,122,41.7,12.5
513,CA,2,2021,129,44.1,13.2
514,CA,2,2022,137,46.9,14.1
515,CA,2,2023,151,51.6,15.5
516,CA,2,2024,168,57.5,17.2
517,CA,2,2025,185,63.3,19.0
518,CA,3,2015,100,28.8,8.6
519,CA,3,2016,107,30.8,9.2
520,CA,3,2017,115,33.1,9.9
521,CA,3,2018,124,35.7,10.7
522,CA,3,2019,134,38.6,11.6
523,CA,3,2020,130,37.4,11.2
524,CA,3,2021,139,40.0,12.0
525,CA,3,2022,149,42.9,12.9
526,CA,3,2023,166,47.8,14.3
527,CA,3,2024,187,53.9,16.2
528,CA,3,2025,210,60.5,18.1
529,CA,4,2015,100,25.2,7.6
530,CA,4,2016,109,27.5,8.2
531,CA,4,2017,119,30.0,9.0
532,CA,4,2018,130,32.8,9.8
533,CA,4,2019,143,36.0,10.8
534,CA,4,2020,138,34.8,10.4
535,CA,4,2021,149,37.5,11.2
536,CA,4,2022,161,40.6,12.2
537,CA,4,2023,183,46.1,13.8
538,CA,4,2024,212,53.4,16.0
539,CA,4,2025,245,61.7,18.5
540,CA,5,2015,100,19.8,5.9
541,CA,5,2016,110,21.8,6.5
542,CA,5,2017,122,24.2,7.3
543,CA,5,2018,135,26.7,8.0
544,CA,5,2019,150,29.7,8.9
545,CA,5,2020,145,28.7,8.6
546,CA,5,2021,157,31.1,9.3
547,CA,5,2022,171,33.9,10.2
548,CA,5,2023,198,39.2,11.8
549,CA,5,2024,235,46.5,13.9
550,CA,5,2025,278,55.0,16.5
551,CA,6,2015,100,37.8,11.3
552,CA,6,2016,103,38.9,11.7
553,CA,6,2017,107,40.4,12.1
554,CA,6,2018,111,42.0,12.6
555,CA,6,2019,115,43.5,13.0
556,CA,6,2020,112,42.3,12.7
557,CA,6,2021,116,43.8,13.1
558,CA,6,2022,120,45.4,13.6
559,CA,6,2023,126,47.6,14.3
560,CA,6,2024,133,50.3,15.1
561,CA,6,2025,140,52.9,15.9
562,CA,7,2015,100,43.2,13.0
563,CA,7,2016,105,45.4,13.6
564,CA,7,2017,111,48.0,14.4
565,CA,7,2018,117,50.5,15.1
566,CA,7,2019,124,53.6,16.1
567,CA,7,2020,120,51.8,15.5
568,CA,7,2021,127,54.9,16.5
569,CA,7,2022,134,57.9,17.4
570,CA,7,2023,147,63.5,19.1
571,CA,7,2024,162,70.0,21.0
572,CA,7,2025,178,76.9,23.1
573,CA,8,2015,100,27.0,8.1
574,CA,8,2016,108,29.2,8.8
575,CA,8,2017,117,31.6,9.5
576,CA,8,2018,127,34.3,10.3
577,CA,8,2019,138,37.3,11.2
578,CA,8,2020,134,36.2,10.9
579,CA,8,2021,144,38.9,11.7
580,CA,8,2022,155,41.9,12.6
581,CA,8,2023,172,46.4,13.9
582,CA,8,2024,193,52.1,15.6
583,CA,8,2025,215,58.0,17.4
584,CA,9,2015,100,29.7,8.9
585,CA,9,2016,107,31.8,9.5
586,CA,9,2017,115,34.2,10.3
587,CA,9,2018,123,36.5,10.9
588,CA,9,2019,132,39.2,11.8
589,CA,9,2020,128,38.0,11.4
590,CA,9,2021,137,40.7,12.2
591,CA,9,2022,147,43.7,13.1
592,CA,9,2023,162,48.1,14.4
593,CA,9,2024,180,53.5,16.1
594,CA,9,2025,199,59.1,17.7
595,CA,10,2015,100,24.3,7.3
596,CA,10,2016,106,25.8,7.7
597,CA,10,2017,113,27.5,8.2
598,CA,10,2018,120,29.2,8.8
599,CA,10,2019,128,31.1,9.3
600,CA,10,2020,124,30.1,9.0
601,CA,10,2021,132,32.1,9.6
602,CA,10,2022,141,34.3,10.3
603,CA,10,2023,157,38.2,11.5
604,CA,10,2024,176,42.8,12.8
605,CA,10,2025,196,47.6,14.3
606,CA,11,2015,100,36.0,10.8
607,CA,11,2016,103,37.1,11.1
608,CA,11,2017,107,38.5,11.5
609,CA,11,2018,111,40.0,12.0
610,CA,11,2019,115,41.4,12.4
611,CA,11,2020,112,40.3,12.1
612,CA,11,2021,116,41.8,12.5
613,CA,11,2022,120,43.2,13.0
614,CA,11,2023,126,45.4,13.6
615,CA,11,2024,133,47.9,14.4
616,CA,11,2025,140,50.4,15.1
617,CA,12,2015,100,31.5,9.4
618,CA,12,2016,104,32.8,9.8
619,CA,12,2017,109,34.3,10.3
620,CA,12,2018,114,35.9,10.8
621,CA,12,2019,120,37.8,11.3
622,CA,12,2020,117,36.9,11.1
623,CA,12,2021,122,38.4,11.5
624,CA,12,2022,127,40.0,12.0
625,CA,12,2023,135,42.5,12.8
626,CA,12,2024,144,45.4,13.6
627,CA,12,2025,153,48.2,14.5
628,CA,13,2015,100,34.2,10.3
629,CA,13,2016,105,35.9,10.8
630,CA,13,2017,111,38.0,11.4
631,CA,13,2018,117,40.0,12.0
632,CA,13,2019,124,42.4,12.7
633,CA,13,2020,120,41.0,12.3
634,CA,13,2021,127,43.4,13.0
635,CA,13,2022,134,45.8,13.7
636,CA,13,2023,147,50.3,15.1
637,CA,13,2024,160,54.7,16.4
638,CA,13,2025,175,59.9,18.0
639,CA,14,2015,100,22.5,6.8
640,CA,14,2016,102,22.9,6.9
641,CA,14,2017,105,23.6,7.1
642,CA,14,2018,108,24.3,7.3
643,CA,14,2019,111,25.0,7.5
644,CA,14,2020,108,24.3,7.3
645,CA,14,2021,111,25.0,7.5
646,CA,14,2022,114,25.6,7.7
647,CA,14,2023,119,26.8,8.0
648,CA,14,2024,124,27.9,8.4
649,CA,14,2025,129,29.0,8.7
650,CA,15,2015,100,25.2,7.6
651,CA,15,2016,102,25.7,7.7
652,CA,15,2017,104,26.2,7.9
653,CA,15,2018,107,27.0,8.1
654,CA,15,2019,110,27.7,8.3
655,CA,15,2020,107,27.0,8.1
656,CA,15,2021,110,27.7,8.3
657,CA,15,2022,113,28.5,8.5
658,CA,15,2023,118,29.7,8.9
659,CA,15,2024,123,31.0,9.3
660,CA,15,2025,128,32.3,9.7
661,DE,1,2015,100,39.6,11.9
662,DE,1,2016,104,41.2,12.4
663,DE,1,2017,109,43.2,13.0
664,DE,1,2018,115,45.5,13.7
665,DE,1,2019,121,47.9,14.4
666,DE,1,2020,118,46.7,14.0
667,DE,1,2021,124,49.1,14.7
668,DE,1,2022,130,51.5,15.4
669,DE,1,2023,142,56.2,16.9
670,DE,1,2024,158,62.6,18.8
671,DE,1,2025,172,68.1,20.4
672,DE,2,2015,100,33.4,10.0
673,DE,2,2016,105,35.1,10.5
674,DE,2,2017,111,37.1,11.1
675,DE,2,2018,118,39.5,11.8
676,DE,2,2019,126,42.1,12.6
677,DE,2,2020,122,40.8,12.2
678,DE,2,2021,129,43.1,12.9
679,DE,2,2022,137,45.8,13.7
680,DE,2,2023,151,50.5,15.1
681,DE,2,2024,168,56.2,16.9
682,DE,2,2025,185,61.9,18.6
683,DE,3,2015,100,28.2,8.5
684,DE,3,2016,107,30.1,9.0
685,DE,3,2017,115,32.4,9.7
686,DE,3,2018,124,34.9,10.5
687,DE,3,2019,134,37.7,11.3
688,DE,3,2020,130,36.6,11.0
689,DE,3,2021,139,39.1,11.7
690,DE,3,2022,149,42.0,12.6
691,DE,3,2023,166,46.7,14.0
692,DE,3,2024,187,52.7,15.8
693,DE,3,2025,210,59.1,17.7
694,DE,4,2015,100,24.6,7.4
695,DE,4,2016,109,26.9,8.1
696,DE,4,2017,119,29.3,8.8
697,DE,4,2018,130,32.0,9.6
698,DE,4,2019,143,35.2,10.6
699,DE,4,2020,138,34.0,10.2
700,DE,4,2021,149,36.7,11.0
701,DE,4,2022,161,39.7,11.9
702,DE,4,2023,183,45.1,13.5
703,DE,4,2024,212,52.2,15.7
704,DE,4,2025,245,60.4,18.1
705,DE,5,2015,100,19.4,5.8
706,DE,5,2016,110,21.3,6.4
707,DE,5,2017,122,23.6,7.1
708,DE,5,2018,135,26.1,7.8
709,DE,5,2019,150,29.0,8.7
710,DE,5,2020,145,28.1,8.4
711,DE,5,2021,157,30.4,9.1
712,DE,5,2022,171,33.1,9.9
713,DE,5,2023,198,38.3,11.5
714,DE,5,2024,235,45.5,13.7
715,DE,5,2025,278,53.8,16.1
716,DE,6,2015,100,37.0,11.1
717,DE,6,2016,103,38.1,11.4
718,DE,6,2017,107,39.5,11.8
719,DE,6,2018,111,41.0,12.3
720,DE,6,2019,115,42.5,12.8
721,DE,6,2020,112,41.4,12.4
722,DE,6,2021,116,42.9,12.9
723,DE,6,2022,120,44.4,13.3
724,DE,6,2023,126,46.6,14.0
725,DE,6,2024,133,49.2,14.8
726,DE,6,2025,140,51.7,15.5
727,DE,7,2015,100,42.2,12.7
728,DE,7,2016,105,44.4,13.3
729,DE,7,2017,111,46.9,14.1
730,DE,7,2018,117,49.4,14.8
731,DE,7,2019,124,52.4,15.7
732,DE,7,2020,120,50.7,15.2
733,DE,7,2021,127,53.6,16.1
734,DE,7,2022,134,56.6,17.0
735,DE,7,2023,147,62.1,18.6
736,DE,7,2024,162,68.4,20.5
737,DE,7,2025,178,75.2,22.6
738,DE,8,2015,100,26.4,7.9
739,DE,8,2016,108,28.5,8.5
740,DE,8,2017,117,30.9,9.3
741,DE,8,2018,127,33.5,10.0
742,DE,8,2019,138,36.4,10.9
743,DE,8,2020,134,35.4,10.6
744,DE,8,2021,144,38.0,11.4
745,DE,8,2022,155,40.9,12.3
746,DE,8,2023,172,45.4,13.6
747,DE,8,2024,193,51.0,15.3
748,DE,8,2025,215,56.8,17.0
749,DE,9,2015,100,29.0,8.7
750,DE,9,2016,107,31.1,9.3
751,DE,9,2017,115,33.4,10.0
752,DE,9,2018,123,35.7,10.7
753,DE,9,2019,132,38.3,11.5
754,DE,9,2020,128,37.2,11.2
755,DE,9,2021,137,39.8,11.9
756,DE,9,2022,147,42.7,12.8
757,DE,9,2023,162,47.0,14.1
758,DE,9,2024,180,52.3,15.7
759,DE,9,2025,199,57.8,17.3
760,DE,10,2015,100,23.8,7.1
761,DE,10,2016,106,25.2,7.6
762,DE,10,2017,113,26.8,8.0
763,DE,10,2018,120,28.5,8.5
764,DE,10,2019,128,30.4,9.1
765,DE,10,2020,124,29.5,8.8
766,DE,10,2021,132,31.4,9.4
767,DE,10,2022,141,33.5,10.0
768,DE,10,2023,157,37.3,11.2
769,DE,10,2024,176,41.8,12.5
770,DE,10,2025,196,46.6,14.0
771,DE,11,2015,100,35.2,10.6
772,DE,11,2016,103,36.3,10.9
773,DE,11,2017,107,37.7,11.3
774,DE,11,2018,111,39.1,11.7
775,DE,11,2019,115,40.5,12.2
776,DE,11,2020,112,39.4,11.8
777,DE,11,2021,116,40.8,12.2
778,DE,11,2022,120,42.2,12.7
779,DE,11,2023,126,44.4,13.3
780,DE,11,2024,133,46.8,14.0
781,DE,11,2025,140,49.3,14.8
782,DE,12,2015,100,30.8,9.2
783,DE,12,2016,104,32.0,9.6
784,DE,12,2017,109,33.6,10.1
785,DE,12,2018,114,35.1,10.5
786,DE,12,2019,120,37.0,11.1
787,DE,12,2020,117,36.0,10.8
788,DE,12,2021,122,37.6,11.3
789,DE,12,2022,127,39.1,11.7
790,DE,12,2023,135,41.6,12.5
791,DE,12,2024,144,44.4,13.3
792,DE,12,2025,153,47.1,14.1
793,DE,13,2015,100,33.4,10.0
794,DE,13,2016,105,35.1,10.5
795,DE,13,2017,111,37.1,11.1
796,DE,13,2018,117,39.1,11.7
797,DE,13,2019,124,41.5,12.4
798,DE,13,2020,120,40.1,12.0
799,DE,13,2021,127,42.5,12.8
800,DE,13,2022,134,44.8,13.4
801,DE,13,2023,147,49.2,14.8
802,DE,13,2024,160,53.5,16.1
803,DE,13,2025,175,58.5,17.6
804,DE,14,2015,100,22.0,6.6
805,DE,14,2016,102,22.4,6.7
806,DE,14,2017,105,23.1,6.9
807,DE,14,2018,108,23.8,7.1
808,DE,14,2019,111,24.4,7.3
809,DE,14,2020,108,23.8,7.1
810,DE,14,2021,111,24.4,7.3
811,DE,14,2022,114,25.1,7.5
812,DE,14,2023,119,26.2,7.9
813,DE,14,2024,124,27.3,8.2
814,DE,14,2025,129,28.4,8.5
815,DE,15,2015,100,24.6,7.4
816,DE,15,2016,102,25.1,7.5
817,DE,15,2017,104,25.6,7.7
818,DE,15,2018,107,26.4,7.9
819,DE,15,2019,110,27.1,8.1
820,DE,15,2020,107,26.4,7.9
821,DE,15,2021,110,27.1,8.1
822,DE,15,2022,113,27.8,8.3
823,DE,15,2023,118,29.1,8.7
824,DE,15,2024,123,30.3,9.1
825,DE,15,2025,128,31.5,9.4
826,AU,1,2015,100,42.8,12.8
827,AU,1,2016,104,44.5,13.3
828,AU,1,2017,109,46.6,14.0
829,AU,1,2018,115,49.2,14.8
830,AU,1,2019,121,51.7,15.5
831,AU,1,2020,118,50.4,15.1
832,AU,1,2021,124,53.0,15.9
833,AU,1,2022,130,55.6,16.7
834,AU,1,2023,142,60.7,18.2
835,AU,1,2024,158,67.5,20.2
836,AU,1,2025,172,73.5,22.1
837,AU,2,2015,100,36.1,10.8
838,AU,2,2016,105,37.9,11.4
839,AU,2,2017,111,40.1,12.0
840,AU,2,2018,118,42.6,12.8
841,AU,2,2019,126,45.5,13.7
842,AU,2,2020,122,44.0,13.2
843,AU,2,2021,129,46.6,14.0
844,AU,2,2022,137,49.5,14.8
845,AU,2,2023,151,54.5,16.3
846,AU,2,2024,168,60.6,18.2
847,AU,2,2025,185,66.8,20.0
848,AU,3,2015,100,30.4,9.1
849,AU,3,2016,107,32.5,9.8
850,AU,3,2017,115,35.0,10.5
851,AU,3,2018,124,37.7,11.3
852,AU,3,2019,134,40.7,12.2
853,AU,3,2020,130,39.5,11.8
854,AU,3,2021,139,42.3,12.7
855,AU,3,2022,149,45.3,13.6
856,AU,3,2023,166,50.5,15.1
857,AU,3,2024,187,56.8,17.0
858,AU,3,2025,210,63.8,19.1
859,AU,4,2015,100,26.6,8.0
860,AU,4,2016,109,29.0,8.7
861,AU,4,2017,119,31.7,9.5
862,AU,4,2018,130,34.6,10.4
863,AU,4,2019,143,38.0,11.4
864,AU,4,2020,138,36.7,11.0
865,AU,4,2021,149,39.6,11.9
866,AU,4,2022,161,42.8,12.8
867,AU,4,2023,183,48.7,14.6
868,AU,4,2024,212,56.4,16.9
869,AU,4,2025,245,65.2,19.6
870,AU,5,2015,100,20.9,6.3
871,AU,5,2016,110,23.0,6.9
872,AU,5,2017,122,25.5,7.6
873,AU,5,2018,135,28.2,8.5
874,AU,5,2019,150,31.4,9.4
875,AU,5,2020,145,30.3,9.1
876,AU,5,2021,157,32.8,9.8
877,AU,5,2022,171,35.7,10.7
878,AU,5,2023,198,41.4,12.4
879,AU,5,2024,235,49.1,14.7
880,AU,5,2025,278,58.1,17.4
881,AU,6,2015,100,39.9,12.0
882,AU,6,2016,103,41.1,12.3
883,AU,6,2017,107,42.7,12.8
884,AU,6,2018,111,44.3,13.3
885,AU,6,2019,115,45.9,13.8
886,AU,6,2020,112,44.7,13.4
887,AU,6,2021,116,46.3,13.9
888,AU,6,2022,120,47.9,14.4
889,AU,6,2023,126,50.3,15.1
890,AU,6,2024,133,53.1,15.9
891,AU,6,2025,140,55.9,16.8
892,AU,7,2015,100,45.6,13.7
893,AU,7,2016,105,47.9,14.4
894,AU,7,2017,111,50.6,15.2
895,AU,7,2018,117,53.4,16.0
896,AU,7,2019,124,56.5,16.9
897,AU,7,2020,120,54.7,16.4
898,AU,7,2021,127,57.9,17.4
899,AU,7,2022,134,61.1,18.3
900,AU,7,2023,147,67.0,20.1
901,AU,7,2024,162,73.9,22.2
902,AU,7,2025,178,81.2,24.4
903,AU,8,2015,100,28.5,8.5
904,AU,8,2016,108,30.8,9.2
905,AU,8,2017,117,33.3,10.0
906,AU,8,2018,127,36.2,10.9
907,AU,8,2019,138,39.3,11.8
908,AU,8,2020,134,38.2,11.5
909,AU,8,2021,144,41.0,12.3
910,AU,8,2022,155,44.2,13.3
911,AU,8,2023,172,49.0,14.7
912,AU,8,2024,193,55.0,16.5
913,AU,8,2025,215,61.3,18.4
914,AU,9,2015,100,31.4,9.4
915,AU,9,2016,107,33.5,10.0
916,AU,9,2017,115,36.1,10.8
917,AU,9,2018,123,38.6,11.6
918,AU,9,2019,132,41.4,12.4
919,AU,9,2020,128,40.1,12.0
920,AU,9,2021,137,42.9,12.9
921,AU,9,2022,147,46.1,13.8
922,AU,9,2023,162,50.8,15.2
923,AU,9,2024,180,56.4,16.9
924,AU,9,2025,199,62.4,18.7
925,AU,10,2015,100,25.6,7.7
926,AU,10,2016,106,27.2,8.2
927,AU,10,2017,113,29.0,8.7
928,AU,10,2018,120,30.8,9.2
929,AU,10,2019,128,32.8,9.8
930,AU,10,2020,124,31.8,9.5
931,AU,10,2021,132,33.9,10.2
932,AU,10,2022,141,36.2,10.9
933,AU,10,2023,157,40.3,12.1
934,AU,10,2024,176,45.1,13.5
935,AU,10,2025,196,50.3,15.1
936,AU,11,2015,100,38.0,11.4
937,AU,11,2016,103,39.1,11.7
938,AU,11,2017,107,40.7,12.2
939,AU,11,2018,111,42.2,12.7
940,AU,11,2019,115,43.7,13.1
941,AU,11,2020,112,42.6,12.8
942,AU,11,2021,116,44.1,13.2
943,AU,11,2022,120,45.6,13.7
944,AU,11,2023,126,47.9,14.4
945,AU,11,2024,133,50.5,15.1
946,AU,11,2025,140,53.2,16.0
947,AU,12,2015,100,33.2,10.0
948,AU,12,2016,104,34.6,10.4
949,AU,12,2017,109,36.2,10.9
950,AU,12,2018,114,37.9,11.4
951,AU,12,2019,120,39.9,12.0
952,AU,12,2020,117,38.9,11.7
953,AU,12,2021,122,40.6,12.2
954,AU,12,2022,127,42.2,12.7
955,AU,12,2023,135,44.9,13.5
956,AU,12,2024,144,47.9,14.4
957,AU,12,2025,153,50.9,15.3
958,AU,13,2015,100,36.1,10.8
959,AU,13,2016,105,37.9,11.4
960,AU,13,2017,111,40.1,12.0
961,AU,13,2018,117,42.2,12.7
962,AU,13,2019,124,44.8,13.4
963,AU,13,2020,120,43.3,13.0
964,AU,13,2021,127,45.8,13.7
965,AU,13,2022,134,48.4,14.5
966,AU,13,2023,147,53.1,15.9
967,AU,13,2024,160,57.8,17.3
968,AU,13,2025,175,63.2,19.0
969,AU,14,2015,100,23.8,7.1
970,AU,14,2016,102,24.2,7.3
971,AU,14,2017,105,24.9,7.5
972,AU,14,2018,108,25.6,7.7
973,AU,14,2019,111,26.4,7.9
974,AU,14,2020,108,25.6,7.7
975,AU,14,2021,111,26.4,7.9
976,AU,14,2022,114,27.1,8.1
977,AU,14,2023,119,28.3,8.5
978,AU,14,2024,124,29.4,8.8
979,AU,14,2025,129,30.6,9.2
980,AU,15,2015,100,26.6,8.0
981,AU,15,2016,102,27.1,8.1
982,AU,15,2017,104,27.7,8.3
983,AU,15,2018,107,28.5,8.5
984,AU,15,2019,110,29.3,8.8
985,AU,15,2020,107,28.5,8.5
986,AU,15,2021,110,29.3,8.8
987,AU,15,2022,113,30.1,9.0
988,AU,15,2023,118,31.4,9.4
989,AU,15,2024,123,32.7,9.8
990,AU,15,2025,128,34.0,10.2
991,SG,1,2015,100,45.0,13.5
992,SG,1,2016,104,46.8,14.0
993,SG,1,2017,109,49.0,14.7
994,SG,1,2018,115,51.8,15.5
995,SG,1,2019,121,54.5,16.3
996,SG,1,2020,118,53.1,15.9
997,SG,1,2021,124,55.8,16.7
998,SG,1,2022,130,58.5,17.6
999,SG,1,2023,142,63.9,19.2
1000,SG,1,2024,158,71.1,21.3
1001,SG,1,2025,172,77.4,23.2
1002,SG,2,2015,100,38.0,11.4
1003,SG,2,2016,105,39.9,12.0
1004,SG,2,2017,111,42.2,12.7
1005,SG,2,2018,118,44.8,13.4
1006,SG,2,2019,126,47.9,14.4
1007,SG,2,2020,122,46.4,13.9
1008,SG,2,2021,129,49.0,14.7
1009,SG,2,2022,137,52.1,15.6
1010,SG,2,2023,151,57.4,17.2
1011,SG,2,2024,168,63.8,19.1
1012,SG,2,2025,185,70.3,21.1
1013,SG,3,2015,100,32.0,9.6
1014,SG,3,2016,107,34.2,10.3
1015,SG,3,2017,115,36.8,11.0
1016,SG,3,2018,124,39.7,11.9
1017,SG,3,2019,134,42.9,12.9
1018,SG,3,2020,130,41.6,12.5
1019,SG,3,2021,139,44.5,13.3
1020,SG,3,2022,149,47.7,14.3
1021,SG,3,2023,166,53.1,15.9
1022,SG,3,2024,187,59.8,17.9
1023,SG,3,2025,210,67.2,20.2
1024,SG,4,2015,100,28.0,8.4
1025,SG,4,2016,109,30.5,9.2
1026,SG,4,2017,119,33.3,10.0
1027,SG,4,2018,130,36.4,10.9
1028,SG,4,2019,143,40.0,12.0
1029,SG,4,2020,138,38.6,11.6
1030,SG,4,2021,149,41.7,12.5
1031,SG,4,2022,161,45.1,13.5
1032,SG,4,2023,183,51.2,15.4
1033,SG,4,2024,212,59.4,17.8
1034,SG,4,2025,245,68.6,20.6
1035,SG,5,2015,100,22.0,6.6
1036,SG,5,2016,110,24.2,7.3
1037,SG,5,2017,122,26.8,8.0
1038,SG,5,2018,135,29.7,8.9
1039,SG,5,2019,150,33.0,9.9
1040,SG,5,2020,145,31.9,9.6
1041,SG,5,2021,157,34.5,10.3
1042,SG,5,2022,171,37.6,11.3
1043,SG,5,2023,198,43.6,13.1
1044,SG,5,2024,235,51.7,15.5
1045,SG,5,2025,278,61.2,18.4
1046,SG,6,2015,100,42.0,12.6
1047,SG,6,2016,103,43.3,13.0
1048,SG,6,2017,107,44.9,13.5
1049,SG,6,2018,111,46.6,14.0
1050,SG,6,2019,115,48.3,14.5
1051,SG,6,2020,112,47.0,14.1
1052,SG,6,2021,116,48.7,14.6
1053,SG,6,2022,120,50.4,15.1
1054,SG,6,2023,126,52.9,15.9
1055,SG,6,2024,133,55.9,16.8
1056,SG,6,2025,140,58.8,17.6
1057,SG,7,2015,100,48.0,14.4
1058,SG,7,2016,105,50.4,15.1
1059,SG,7,2017,111,53.3,16.0
1060,SG,7,2018,117,56.2,16.9
1061,SG,7,2019,124,59.5,17.8
1062,SG,7,2020,120,57.6,17.3
1063,SG,7,2021,127,61.0,18.3
1064,SG,7,2022,134,64.3,19.3
1065,SG,7,2023,147,70.6,21.2
1066,SG,7,2024,162,77.8,23.3
1067,SG,7,2025,178,85.4,25.6
1068,SG,8,2015,100,30.0,9.0
1069,SG,8,2016,108,32.4,9.7
1070,SG,8,2017,117,35.1,10.5
1071,SG,8,2018,127,38.1,11.4
1072,SG,8,2019,138,41.4,12.4
1073,SG,8,2020,134,40.2,12.1
1074,SG,8,2021,144,43.2,13.0
1075,SG,8,2022,155,46.5,13.9
1076,SG,8,2023,172,51.6,15.5
1077,SG,8,2024,193,57.9,17.4
1078,SG,8,2025,215,64.5,19.3
1079,SG,9,2015,100,33.0,9.9
1080,SG,9,2016,107,35.3,10.6
1081,SG,9,2017,115,38.0,11.4
1082,SG,9,2018,123,40.6,12.2
1083,SG,9,2019,132,43.6,13.1
1084,SG,9,2020,128,42.2,12.7
1085,SG,9,2021,137,45.2,13.6
1086,SG,9,2022,147,48.5,14.5
1087,SG,9,2023,162,53.5,16.1
1088,SG,9,2024,180,59.4,17.8
1089,SG,9,2025,199,65.7,19.7
1090,SG,10,2015,100,27.0,8.1
1091,SG,10,2016,106,28.6,8.6
1092,SG,10,2017,113,30.5,9.2
1093,SG,10,2018,120,32.4,9.7
1094,SG,10,2019,128,34.6,10.4
1095,SG,10,2020,124,33.5,10.0
1096,SG,10,2021,132,35.6,10.7
1097,SG,10,2022,141,38.1,11.4
1098,SG,10,2023,157,42.4,12.7
1099,SG,10,2024,176,47.5,14.2
1100,SG,10,2025,196,52.9,15.9
1101,SG,11,2015,100,40.0,12.0
1102,SG,11,2016,103,41.2,12.4
1103,SG,11,2017,107,42.8,12.8
1104,SG,11,2018,111,44.4,13.3
1105,SG,11,2019,115,46.0,13.8
1106,SG,11,2020,112,44.8,13.4
1107,SG,11,2021,116,46.4,13.9
1108,SG,11,2022,120,48.0,14.4
1109,SG,11,2023,126,50.4,15.1
1110,SG,11,2024,133,53.2,16.0
1111,SG,11,2025,140,56.0,16.8
1112,SG,12,2015,100,35.0,10.5
1113,SG,12,2016,104,36.4,10.9
1114,SG,12,2017,109,38.1,11.4
1115,SG,12,2018,114,39.9,12.0
1116,SG,12,2019,120,42.0,12.6
1117,SG,12,2020,117,41.0,12.3
1118,SG,12,2021,122,42.7,12.8
1119,SG,12,2022,127,44.5,13.3
1120,SG,12,2023,135,47.2,14.2
1121,SG,12,2024,144,50.4,15.1
1122,SG,12,2025,153,53.5,16.1
1123,SG,13,2015,100,38.0,11.4
1124,SG,13,2016,105,39.9,12.0
1125,SG,13,2017,111,42.2,12.7
1126,SG,13,2018,117,44.5,13.3
1127,SG,13,2019,124,47.1,14.1
1128,SG,13,2020,120,45.6,13.7
1129,SG,13,2021,127,48.3,14.5
1130,SG,13,2022,134,50.9,15.3
1131,SG,13,2023,147,55.9,16.8
1132,SG,13,2024,160,60.8,18.2
1133,SG,13,2025,175,66.5,19.9
1134,SG,14,2015,100,25.0,7.5
1135,SG,14,2016,102,25.5,7.6
1136,SG,14,2017,105,26.2,7.9
1137,SG,14,2018,108,27.0,8.1
1138,SG,14,2019,111,27.8,8.3
1139,SG,14,2020,108,27.0,8.1
1140,SG,14,2021,111,27.8,8.3
1141,SG,14,2022,114,28.5,8.5
1142,SG,14,2023,119,29.8,8.9
1143,SG,14,2024,124,31.0,9.3
1144,SG,14,2025,129,32.2,9.7
1145,SG,15,2015,100,28.0,8.4
1146,SG,15,2016,102,28.6,8.6
1147,SG,15,2017,104,29.1,8.7
1148,SG,15,2018,107,30.0,9.0
1149,SG,15,2019,110,30.8,9.2
1150,SG,15,2020,107,30.0,9.0
1151,SG,15,2021,110,30.8,9.2
1152,SG,15,2022,113,31.6,9.5
1153,SG,15,2023,118,33.0,9.9
1154,SG,15,2024,123,34.4,10.3
1155,SG,15,2025,128,35.8,10.7
1156,JP,1,2015,100,36.9,11.1
1157,JP,1,2016,104,38.4,11.5
1158,JP,1,2017,109,40.2,12.1
1159,JP,1,2018,115,42.4,12.7
1160,JP,1,2019,121,44.6,13.4
1161,JP,1,2020,118,43.5,13.0
1162,JP,1,2021,124,45.8,13.7
1163,JP,1,2022,130,48.0,14.4
1164,JP,1,2023,142,52.4,15.7
1165,JP,1,2024,158,58.3,17.5
1166,JP,1,2025,172,63.5,19.1
1167,JP,2,2015,100,31.2,9.4
1168,JP,2,2016,105,32.7,9.8
1169,JP,2,2017,111,34.6,10.4
1170,JP,2,2018,118,36.8,11.0
1171,JP,2,2019,126,39.3,11.8
1172,JP,2,2020,122,38.0,11.4
1173,JP,2,2021,129,40.2,12.1
1174,JP,2,2022,137,42.7,12.8
1175,JP,2,2023,151,47.1,14.1
1176,JP,2,2024,168,52.3,15.7
1177,JP,2,2025,185,57.6,17.3
1178,JP,3,2015,100,26.2,7.9
1179,JP,3,2016,107,28.1,8.4
1180,JP,3,2017,115,30.2,9.1
1181,JP,3,2018,124,32.5,9.8
1182,JP,3,2019,134,35.2,10.6
1183,JP,3,2020,130,34.1,10.2
1184,JP,3,2021,139,36.5,10.9
1185,JP,3,2022,149,39.1,11.7
1186,JP,3,2023,166,43.6,13.1
1187,JP,3,2024,187,49.1,14.7
1188,JP,3,2025,210,55.1,16.5
1189,JP,4,2015,100,23.0,6.9
1190,JP,4,2016,109,25.0,7.5
1191,JP,4,2017,119,27.3,8.2
1192,JP,4,2018,130,29.8,8.9
1193,JP,4,2019,143,32.8,9.8
1194,JP,4,2020,138,31.7,9.5
1195,JP,4,2021,149,34.2,10.3
1196,JP,4,2022,161,37.0,11.1
1197,JP,4,2023,183,42.0,12.6
1198,JP,4,2024,212,48.7,14.6
1199,JP,4,2025,245,56.3,16.9
1200,JP,5,2015,100,18.0,5.4
1201,JP,5,2016,110,19.8,5.9
1202,JP,5,2017,122,22.0,6.6
1203,JP,5,2018,135,24.4,7.3
1204,JP,5,2019,150,27.1,8.1
1205,JP,5,2020,145,26.2,7.9
1206,JP,5,2021,157,28.3,8.5
1207,JP,5,2022,171,30.8,9.2
1208,JP,5,2023,198,35.7,10.7
1209,JP,5,2024,235,42.4,12.7
1210,JP,5,2025,278,50.2,15.1
1211,JP,6,2015,100,34.4,10.3
1212,JP,6,2016,103,35.5,10.7
1213,JP,6,2017,107,36.9,11.1
1214,JP,6,2018,111,38.2,11.5
1215,JP,6,2019,115,39.6,11.9
1216,JP,6,2020,112,38.6,11.6
1217,JP,6,2021,116,40.0,12.0
1218,JP,6,2022,120,41.3,12.4
1219,JP,6,2023,126,43.4,13.0
1220,JP,6,2024,133,45.8,13.7
1221,JP,6,2025,140,48.2,14.5
1222,JP,7,2015,100,39.4,11.8
1223,JP,7,2016,105,41.3,12.4
1224,JP,7,2017,111,43.7,13.1
1225,JP,7,2018,117,46.1,13.8
1226,JP,7,2019,124,48.8,14.6
1227,JP,7,2020,120,47.2,14.2
1228,JP,7,2021,127,50.0,15.0
1229,JP,7,2022,134,52.7,15.8
1230,JP,7,2023,147,57.9,17.4
1231,JP,7,2024,162,63.8,19.1
1232,JP,7,2025,178,70.1,21.0
1233,JP,8,2015,100,24.6,7.4
1234,JP,8,2016,108,26.6,8.0
1235,JP,8,2017,117,28.8,8.6
1236,JP,8,2018,127,31.2,9.4
1237,JP,8,2019,138,33.9,10.2
1238,JP,8,2020,134,33.0,9.9
1239,JP,8,2021,144,35.4,10.6
1240,JP,8,2022,155,38.1,11.4
1241,JP,8,2023,172,42.3,12.7
1242,JP,8,2024,193,47.5,14.2
1243,JP,8,2025,215,52.9,15.9
1244,JP,9,2015,100,27.1,8.1
1245,JP,9,2016,107,29.0,8.7
1246,JP,9,2017,115,31.1,9.3
1247,JP,9,2018,123,33.3,10.0
1248,JP,9,2019,132,35.7,10.7
1249,JP,9,2020,128,34.6,10.4
1250,JP,9,2021,137,37.1,11.1
1251,JP,9,2022,147,39.8,11.9
1252,JP,9,2023,162,43.8,13.1
1253,JP,9,2024,180,48.7,14.6
1254,JP,9,2025,199,53.8,16.1
1255,JP,10,2015,100,22.1,6.6
1256,JP,10,2016,106,23.5,7.0
1257,JP,10,2017,113,25.0,7.5
1258,JP,10,2018,120,26.6,8.0
1259,JP,10,2019,128,28.3,8.5
1260,JP,10,2020,124,27.5,8.2
1261,JP,10,2021,132,29.2,8.8
1262,JP,10,2022,141,31.2,9.4
1263,JP,10,2023,157,34.8,10.4
1264,JP,10,2024,176,39.0,11.7
1265,JP,10,2025,196,43.4,13.0
1266,JP,11,2015,100,32.8,9.8
1267,JP,11,2016,103,33.8,10.1
1268,JP,11,2017,107,35.1,10.5
1269,JP,11,2018,111,36.4,10.9
1270,JP,11,2019,115,37.7,11.3
1271,JP,11,2020,112,36.7,11.0
1272,JP,11,2021,116,38.0,11.4
1273,JP,11,2022,120,39.4,11.8
1274,JP,11,2023,126,41.3,12.4
1275,JP,11,2024,133,43.6,13.1
1276,JP,11,2025,140,45.9,13.8
1277,JP,12,2015,100,28.7,8.6
1278,JP,12,2016,104,29.8,8.9
1279,JP,12,2017,109,31.3,9.4
1280,JP,12,2018,114,32.7,9.8
1281,JP,12,2019,120,34.4,10.3
1282,JP,12,2020,117,33.6,10.1
1283,JP,12,2021,122,35.0,10.5
1284,JP,12,2022,127,36.4,10.9
1285,JP,12,2023,135,38.7,11.6
1286,JP,12,2024,144,41.3,12.4
1287,JP,12,2025,153,43.9,13.2
1288,JP,13,2015,100,31.2,9.4
1289,JP,13,2016,105,32.7,9.8
1290,JP,13,2017,111,34.6,10.4
1291,JP,13,2018,117,36.5,10.9
1292,JP,13,2019,124,38.6,11.6
1293,JP,13,2020,120,37.4,11.2
1294,JP,13,2021,127,39.6,11.9
1295,JP,13,2022,134,41.8,12.5
1296,JP,13,2023,147,45.8,13.7
1297,JP,13,2024,160,49.9,15.0
1298,JP,13,2025,175,54.5,16.3
1299,JP,14,2015,100,20.5,6.1
1300,JP,14,2016,102,20.9,6.3
1301,JP,14,2017,105,21.5,6.5
1302,JP,14,2018,108,22.1,6.6
1303,JP,14,2019,111,22.8,6.8
1304,JP,14,2020,108,22.1,6.6
1305,JP,14,2021,111,22.8,6.8
1306,JP,14,2022,114,23.4,7.0
1307,JP,14,2023,119,24.4,7.3
1308,JP,14,2024,124,25.4,7.6
1309,JP,14,2025,129,26.4,7.9
1310,JP,15,2015,100,23.0,6.9
1311,JP,15,2016,102,23.4,7.0
1312,JP,15,2017,104,23.9,7.2
1313,JP,15,2018,107,24.6,7.4
1314,JP,15,2019,110,25.3,7.6
1315,JP,15,2020,107,24.6,7.4
1316,JP,15,2021,110,25.3,7.6
1317,JP,15,2022,113,25.9,7.8
1318,JP,15,2023,118,27.1,8.1
1319,JP,15,2024,123,28.2,8.5
1320,JP,15,2025,128,29.4,8.8
1321,NL,1,2015,100,39.6,11.9
1322,NL,1,2016,104,41.2,12.4
1323,NL,1,2017,109,43.2,13.0
1324,NL,1,2018,115,45.5,13.7
1325,NL,1,2019,121,47.9,14.4
1326,NL,1,2020,118,46.7,14.0
1327,NL,1,2021,124,49.1,14.7
1328,NL,1,2022,130,51.5,15.4
1329,NL,1,2023,142,56.2,16.9
1330,NL,1,2024,158,62.6,18.8
1331,NL,1,2025,172,68.1,20.4
1332,NL,2,2015,100,33.4,10.0
1333,NL,2,2016,105,35.1,10.5
1334,NL,2,2017,111,37.1,11.1
1335,NL,2,2018,118,39.5,11.8
1336,NL,2,2019,126,42.1,12.6
1337,NL,2,2020,122,40.8,12.2
1338,NL,2,2021,129,43.1,12.9
1339,NL,2,2022,137,45.8,13.7
1340,NL,2,2023,151,50.5,15.1
1341,NL,2,2024,168,56.2,16.9
1342,NL,2,2025,185,61.9,18.6
1343,NL,3,2015,100,28.2,8.5
1344,NL,3,2016,107,30.1,9.0
1345,NL,3,2017,115,32.4,9.7
1346,NL,3,2018,124,34.9,10.5
1347,NL,3,2019,134,37.7,11.3
1348,NL,3,2020,130,36.6,11.0
1349,NL,3,2021,139,39.1,11.7
1350,NL,3,2022,149,42.0,12.6
1351,NL,3,2023,166,46.7,14.0
1352,NL,3,2024,187,52.7,15.8
1353,NL,3,2025,210,59.1,17.7
1354,NL,4,2015,100,24.6,7.4
1355,NL,4,2016,109,26.9,8.1
1356,NL,4,2017,119,29.3,8.8
1357,NL,4,2018,130,32.0,9.6
1358,NL,4,2019,143,35.2,10.6
1359,NL,4,2020,138,34.0,10.2
1360,NL,4,2021,149,36.7,11.0
1361,NL,4,2022,161,39.7,11.9
1362,NL,4,2023,183,45.1,13.5
1363,NL,4,2024,212,52.2,15.7
1364,NL,4,2025,245,60.4,18.1
1365,NL,5,2015,100,19.4,5.8
1366,NL,5,2016,110,21.3,6.4
1367,NL,5,2017,122,23.6,7.1
1368,NL,5,2018,135,26.1,7.8
1369,NL,5,2019,150,29.0,8.7
1370,NL,5,2020,145,28.1,8.4
1371,NL,5,2021,157,30.4,9.1
1372,NL,5,2022,171,33.1,9.9
1373,NL,5,2023,198,38.3,11.5
1374,NL,5,2024,235,45.5,13.7
1375,NL,5,2025,278,53.8,16.1
1376,NL,6,2015,100,37.0,11.1
1377,NL,6,2016,103,38.1,11.4
1378,NL,6,2017,107,39.5,11.8
1379,NL,6,2018,111,41.0,12.3
1380,NL,6,2019,115,42.5,12.8
1381,NL,6,2020,112,41.4,12.4
1382,NL,6,2021,116,42.9,12.9
1383,NL,6,2022,120,44.4,13.3
1384,NL,6,2023,126,46.6,14.0
1385,NL,6,2024,133,49.2,14.8
1386,NL,6,2025,140,51.7,15.5
1387,NL,7,2015,100,42.2,12.7
1388,NL,7,2016,105,44.4,13.3
1389,NL,7,2017,111,46.9,14.1
1390,NL,7,2018,117,49.4,14.8
1391,NL,7,2019,124,52.4,15.7
1392,NL,7,2020,120,50.7,15.2
1393,NL,7,2021,127,53.6,16.1
1394,NL,7,2022,134,56.6,17.0
1395,NL,7,2023,147,62.1,18.6
1396,NL,7,2024,162,68.4,20.5
1397,NL,7,2025,178,75.2,22.6
1398,NL,8,2015,100,26.4,7.9
1399,NL,8,2016,108,28.5,8.5
1400,NL,8,2017,117,30.9,9.3
1401,NL,8,2018,127,33.5,10.0
1402,NL,8,2019,138,36.4,10.9
1403,NL,8,2020,134,35.4,10.6
1404,NL,8,2021,144,38.0,11.4
1405,NL,8,2022,155,40.9,12.3
1406,NL,8,2023,172,45.4,13.6
1407,NL,8,2024,193,51.0,15.3
1408,NL,8,2025,215,56.8,17.0
1409,NL,9,2015,100,29.0,8.7
1410,NL,9,2016,107,31.1,9.3
1411,NL,9,2017,115,33.4,10.0
1412,NL,9,2018,123,35.7,10.7
1413,NL,9,2019,132,38.3,11.5
1414,NL,9,2020,128,37.2,11.2
1415,NL,9,2021,137,39.8,11.9
1416,NL,9,2022,147,42.7,12.8
1417,NL,9,2023,162,47.0,14.1
1418,NL,9,2024,180,52.3,15.7
1419,NL,9,2025,199,57.8,17.3
1420,NL,10,2015,100,23.8,7.1
1421,NL,10,2016,106,25.2,7.6
1422,NL,10,2017,113,26.8,8.0
1423,NL,10,2018,120,28.5,8.5
1424,NL,10,2019,128,30.4,9.1
1425,NL,10,2020,124,29.5,8.8
1426,NL,10,2021,132,31.4,9.4
1427,NL,10,2022,141,33.5,10.0
1428,NL,10,2023,157,37.3,11.2
1429,NL,10,2024,176,41.8,12.5
1430,NL,10,2025,196,46.6,14.0
1431,NL,11,2015,100,35.2,10.6
1432,NL,11,2016,103,36.3,10.9
1433,NL,11,2017,107,37.7,11.3
1434,NL,11,2018,111,39.1,11.7
1435,NL,11,2019,115,40.5,12.2
1436,NL,11,2020,112,39.4,11.8
1437,NL,11,2021,116,40.8,12.2
1438,NL,11,2022,120,42.2,12.7
1439,NL,11,2023,126,44.4,13.3
1440,NL,11,2024,133,46.8,14.0
1441,NL,11,2025,140,49.3,14.8
1442,NL,12,2015,100,30.8,9.2
1443,NL,12,2016,104,32.0,9.6
1444,NL,12,2017,109,33.6,10.1
1445,NL,12,2018,114,35.1,10.5
1446,NL,12,2019,120,37.0,11.1
1447,NL,12,2020,117,36.0,10.8
1448,NL,12,2021,122,37.6,11.3
1449,NL,12,2022,127,39.1,11.7
1450,NL,12,2023,135,41.6,12.5
1451,NL,12,2024,144,44.4,13.3
1452,NL,12,2025,153,47.1,14.1
1453,NL,13,2015,100,33.4,10.0
1454,NL,13,2016,105,35.1,10.5
1455,NL,13,2017,111,37.1,11.1
1456,NL,13,2018,117,39.1,11.7
1457,NL,13,2019,124,41.5,12.4
1458,NL,13,2020,120,40.1,12.0
1459,NL,13,2021,127,42.5,12.8
1460,NL,13,2022,134,44.8,13.4
1461,NL,13,2023,147,49.2,14.8
1462,NL,13,2024,160,53.5,16.1
1463,NL,13,2025,175,58.5,17.6
1464,NL,14,2015,100,22.0,6.6
1465,NL,14,2016,102,22.4,6.7
1466,NL,14,2017,105,23.1,6.9
1467,NL,14,2018,108,23.8,7.1
1468,NL,14,2019,111,24.4,7.3
1469,NL,14,2020,108,23.8,7.1
1470,NL,14,2021,111,24.4,7.3
1471,NL,14,2022,114,25.1,7.5
1472,NL,14,2023,119,26.2,7.9
1473,NL,14,2024,124,27.3,8.2
1474,NL,14,2025,129,28.4,8.5
1475,NL,15,2015,100,24.6,7.4
1476,NL,15,2016,102,25.1,7.5
1477,NL,15,2017,104,25.6,7.7
1478,NL,15,2018,107,26.4,7.9
1479,NL,15,2019,110,27.1,8.1
1480,NL,15,2020,107,26.4,7.9
1481,NL,15,2021,110,27.1,8.1
1482,NL,15,2022,113,27.8,8.3
1483,NL,15,2023,118,29.1,8.7
1484,NL,15,2024,123,30.3,9.1
1485,NL,15,2025,128,31.5,9.4
1486,AE,1,2015,100,32.4,9.7
1487,AE,1,2016,104,33.7,10.1
1488,AE,1,2017,109,35.3,10.6
1489,AE,1,2018,115,37.3,11.2
1490,AE,1,2019,121,39.2,11.8
1491,AE,1,2020,118,38.2,11.5
1492,AE,1,2021,124,40.2,12.1
1493,AE,1,2022,130,42.1,12.6
1494,AE,1,2023,142,46.0,13.8
1495,AE,1,2024,158,51.2,15.4
1496,AE,1,2025,172,55.7,16.7
1497,AE,2,2015,100,27.4,8.2
1498,AE,2,2016,105,28.7,8.6
1499,AE,2,2017,111,30.4,9.1
1500,AE,2,2018,118,32.3,9.7
1501,AE,2,2019,126,34.5,10.3
1502,AE,2,2020,122,33.4,10.0
1503,AE,2,2021,129,35.3,10.6
1504,AE,2,2022,137,37.5,11.2
1505,AE,2,2023,151,41.3,12.4
1506,AE,2,2024,168,46.0,13.8
1507,AE,2,2025,185,50.6,15.2
1508,AE,3,2015,100,23.0,6.9
1509,AE,3,2016,107,24.7,7.4
1510,AE,3,2017,115,26.5,7.9
1511,AE,3,2018,124,28.6,8.6
1512,AE,3,2019,134,30.9,9.3
1513,AE,3,2020,130,30.0,9.0
1514,AE,3,2021,139,32.0,9.6
1515,AE,3,2022,149,34.3,10.3
1516,AE,3,2023,166,38.2,11.5
1517,AE,3,2024,187,43.1,12.9
1518,AE,3,2025,210,48.4,14.5
1519,AE,4,2015,100,20.2,6.1
1520,AE,4,2016,109,22.0,6.6
1521,AE,4,2017,119,24.0,7.2
1522,AE,4,2018,130,26.2,7.9
1523,AE,4,2019,143,28.8,8.6
1524,AE,4,2020,138,27.8,8.3
1525,AE,4,2021,149,30.0,9.0
1526,AE,4,2022,161,32.5,9.8
1527,AE,4,2023,183,36.9,11.1
1528,AE,4,2024,212,42.7,12.8
1529,AE,4,2025,245,49.4,14.8
1530,AE,5,2015,100,15.8,4.7
1531,AE,5,2016,110,17.4,5.2
1532,AE,5,2017,122,19.3,5.8
1533,AE,5,2018,135,21.4,6.4
1534,AE,5,2019,150,23.8,7.1
1535,AE,5,2020,145,23.0,6.9
1536,AE,5,2021,157,24.9,7.5
1537,AE,5,2022,171,27.1,8.1
1538,AE,5,2023,198,31.4,9.4
1539,AE,5,2024,235,37.2,11.2
1540,AE,5,2025,278,44.0,13.2
1541,AE,6,2015,100,30.2,9.1
1542,AE,6,2016,103,31.1,9.3
1543,AE,6,2017,107,32.4,9.7
1544,AE,6,2018,111,33.6,10.1
1545,AE,6,2019,115,34.8,10.4
1546,AE,6,2020,112,33.9,10.2
1547,AE,6,2021,116,35.1,10.5
1548,AE,6,2022,120,36.3,10.9
1549,AE,6,2023,126,38.1,11.4
1550,AE,6,2024,133,40.2,12.1
1551,AE,6,2025,140,42.3,12.7
1552,AE,7,2015,100,34.6,10.4
1553,AE,7,2016,105,36.3,10.9
1554,AE,7,2017,111,38.4,11.5
1555,AE,7,2018,117,40.4,12.1
1556,AE,7,2019,124,42.9,12.9
1557,AE,7,2020,120,41.5,12.4
1558,AE,7,2021,127,43.9,13.2
1559,AE,7,2022,134,46.3,13.9
1560,AE,7,2023,147,50.8,15.2
1561,AE,7,2024,162,56.0,16.8
1562,AE,7,2025,178,61.5,18.4
1563,AE,8,2015,100,21.6,6.5
1564,AE,8,2016,108,23.3,7.0
1565,AE,8,2017,117,25.3,7.6
1566,AE,8,2018,127,27.4,8.2
1567,AE,8,2019,138,29.8,8.9
1568,AE,8,2020,134,28.9,8.7
1569,AE,8,2021,144,31.1,9.3
1570,AE,8,2022,155,33.5,10.0
1571,AE,8,2023,172,37.2,11.2
1572,AE,8,2024,193,41.7,12.5
1573,AE,8,2025,215,46.4,13.9
1574,AE,9,2015,100,23.8,7.1
1575,AE,9,2016,107,25.4,7.6
1576,AE,9,2017,115,27.3,8.2
1577,AE,9,2018,123,29.2,8.8
1578,AE,9,2019,132,31.4,9.4
1579,AE,9,2020,128,30.4,9.1
1580,AE,9,2021,137,32.6,9.8
1581,AE,9,2022,147,34.9,10.5
1582,AE,9,2023,162,38.5,11.5
1583,AE,9,2024,180,42.8,12.8
1584,AE,9,2025,199,47.3,14.2
1585,AE,10,2015,100,19.4,5.8
1586,AE,10,2016,106,20.6,6.2
1587,AE,10,2017,113,22.0,6.6
1588,AE,10,2018,120,23.3,7.0
1589,AE,10,2019,128,24.9,7.5
1590,AE,10,2020,124,24.1,7.2
1591,AE,10,2021,132,25.7,7.7
1592,AE,10,2022,141,27.4,8.2
1593,AE,10,2023,157,30.5,9.2
1594,AE,10,2024,176,34.2,10.3
1595,AE,10,2025,196,38.1,11.4
1596,AE,11,2015,100,28.8,8.6
1597,AE,11,2016,103,29.7,8.9
1598,AE,11,2017,107,30.8,9.2
1599,AE,11,2018,111,32.0,9.6
1600,AE,11,2019,115,33.1,9.9
1601,AE,11,2020,112,32.3,9.7
1602,AE,11,2021,116,33.4,10.0
1603,AE,11,2022,120,34.6,10.4
1604,AE,11,2023,126,36.3,10.9
1605,AE,11,2024,133,38.3,11.5
1606,AE,11,2025,140,40.3,12.1
1607,AE,12,2015,100,25.2,7.6
1608,AE,12,2016,104,26.2,7.9
1609,AE,12,2017,109,27.5,8.2
1610,AE,12,2018,114,28.7,8.6
1611,AE,12,2019,120,30.2,9.1
1612,AE,12,2020,117,29.5,8.8
1613,AE,12,2021,122,30.7,9.2
1614,AE,12,2022,127,32.0,9.6
1615,AE,12,2023,135,34.0,10.2
1616,AE,12,2024,144,36.3,10.9
1617,AE,12,2025,153,38.6,11.6
1618,AE,13,2015,100,27.4,8.2
1619,AE,13,2016,105,28.7,8.6
1620,AE,13,2017,111,30.4,9.1
1621,AE,13,2018,117,32.0,9.6
1622,AE,13,2019,124,33.9,10.2
1623,AE,13,2020,120,32.8,9.8
1624,AE,13,2021,127,34.7,10.4
1625,AE,13,2022,134,36.7,11.0
1626,AE,13,2023,147,40.2,12.1
1627,AE,13,2024,160,43.8,13.1
1628,AE,13,2025,175,47.9,14.4
1629,AE,14,2015,100,18.0,5.4
1630,AE,14,2016,102,18.4,5.5
1631,AE,14,2017,105,18.9,5.7
1632,AE,14,2018,108,19.4,5.8
1633,AE,14,2019,111,20.0,6.0
1634,AE,14,2020,108,19.4,5.8
1635,AE,14,2021,111,20.0,6.0
1636,AE,14,2022,114,20.5,6.1
1637,AE,14,2023,119,21.4,6.4
1638,AE,14,2024,124,22.3,6.7
1639,AE,14,2025,129,23.2,7.0
1640,AE,15,2015,100,20.2,6.1
1641,AE,15,2016,102,20.6,6.2
1642,AE,15,2017,104,21.0,6.3
1643,AE,15,2018,107,21.6,6.5
1644,AE,15,2019,110,22.2,6.7
1645,AE,15,2020,107,21.6,6.5
1646,AE,15,2021,110,22.2,6.7
1647,AE,15,2022,113,22.8,6.8
1648,AE,15,2023,118,23.8,7.1
1649,AE,15,2024,123,24.8,7.4
1650,AE,15,2025,128,25.8,7.7
