id,country_code,role_id,year,avg_salary_usd,q3_salary_usd,q1_salary_usd
1,US,1,2015,90000,91800,88200
2,US,1,2016,95000,96900,93100
3,US,1,2017,100000,102000,98000
4,US,1,2018,106250,108375,104125
5,US,1,2019,112500,114750,110250
6,US,1,2020,108750,106575,110925
7,US,1,2021,115000,117300,112700
8,US,1,2022,121250,123675,118825
9,US,1,2023,131250,133875,128625
10,US,1,2024,140000,142800,137200
11,US,1,2025,150000,153000,147000
12,US,2,2015,63360,64627,62093
13,US,2,2016,66880,68218,65542
14,US,2,2017,70400,71808,68992
15,US,2,2018,74800,76296,73304
16,US,2,2019,79200,80784,77616
17,US,2,2020,76560,75029,78091
18,US,2,2021,80960,82579,79341
19,US,2,2022,85360,87067,83653
20,US,2,2023,92400,94248,90552
21,US,2,2024,98560,100531,96589
22,US,2,2025,105600,107712,103488
23,US,3,2015,93600,95472,91728
24,US,3,2016,98800,100776,96824
25,US,3,2017,104000,106080,101920
26,US,3,2018,110500,112710,108290
27,US,3,2019,117000,119340,114660
28,US,3,2020,113100,110838,115362
29,US,3,2021,119600,121992,117208
30,US,3,2022,126100,128622,123578
31,US,3,2023,136500,139230,133770
32,US,3,2024,145600,148512,142688
33,US,3,2025,156000,159120,152880
34,US,4,2015,108000,110160,105840
35,US,4,2016,114000,116280,111720
36,US,4,2017,120000,122400,117600
37,US,4,2018,127500,130050,124950
38,US,4,2019,135000,137700,132300
39,US,4,2020,130500,127890,133110
40,US,4,2021,138000,140760,135240
41,US,4,2022,145500,148410,142590
42,US,4,2023,157500,160650,154350
43,US,4,2024,168000,171360,164640
44,US,4,2025,180000,183600,176400
45,US,5,2015,115200,117504,112896
46,US,5,2016,121600,124032,119168
47,US,5,2017,128000,130560,125440
48,US,5,2018,136000,138720,133280
49,US,5,2019,144000,146880,141120
50,US,5,2020,139200,136416,141984
51,US,5,2021,147200,150144,144256
52,US,5,2022,155200,158304,152096
53,US,5,2023,168000,171360,164640
54,US,5,2024,179200,182784,175616
55,US,5,2025,192000,195840,188160
56,US,6,2015,63360,64627,62093
57,US,6,2016,66880,68218,65542
58,US,6,2017,70400,71808,68992
59,US,6,2018,74800,76296,73304
60,US,6,2019,79200,80784,77616
61,US,6,2020,76560,75029,78091
62,US,6,2021,80960,82579,79341
63,US,6,2022,85360,87067,83653
64,US,6,2023,92400,94248,90552
65,US,6,2024,98560,100531,96589
66,US,6,2025,105600,107712,103488
67,US,7,2015,82800,84456,81144
68,US,7,2016,87400,89148,85652
69,US,7,2017,92000,93840,90160
70,US,7,2018,97750,99705,95795
71,US,7,2019,103500,105570,101430
72,US,7,2020,100050,98049,102051
73,US,7,2021,105800,107916,103684
74,US,7,2022,111550,113781,109319
75,US,7,2023,120750,123165,118335
76,US,7,2024,128800,131376,126224
77,US,7,2025,138000,140760,135240
78,US,8,2015,100800,102816,98784
79,US,8,2016,106400,108528,104272
80,US,8,2017,112000,114240,109760
81,US,8,2018,119000,121380,116620
82,US,8,2019,126000,128520,123480
83,US,8,2020,121800,119364,124236
84,US,8,2021,128800,131376,126224
85,US,8,2022,135800,138516,133084
86,US,8,2023,147000,149940,144060
87,US,8,2024,156800,159936,153664
88,US,8,2025,168000,171360,164640
89,US,9,2015,95760,97675,93845
90,US,9,2016,101080,103102,99058
91,US,9,2017,106400,108528,104272
92,US,9,2018,113050,115311,110789
93,US,9,2019,119700,122094,117306
94,US,9,2020,115710,113396,118024
95,US,9,2021,122360,124807,119913
96,US,9,2022,129010,131590,126430
97,US,9,2023,139650,142443,136857
98,US,9,2024,148960,151939,145981
99,US,9,2025,159600,162792,156408
100,US,10,2015,78480,80050,76910
101,US,10,2016,82840,84497,81183
102,US,10,2017,87200,88944,85456
103,US,10,2018,92650,94503,90797
104,US,10,2019,98100,100062,96138
105,US,10,2020,94830,92933,96727
106,US,10,2021,100280,102286,98274
107,US,10,2022,105730,107845,103615
108,US,10,2023,114450,116739,112161
109,US,10,2024,122080,124522,119638
110,US,10,2025,130800,133416,128184
111,US,11,2015,65520,66830,64210
112,US,11,2016,69160,70543,67777
113,US,11,2017,72800,74256,71344
114,US,11,2018,77350,78897,75803
115,US,11,2019,81900,83538,80262
116,US,11,2020,79170,77587,80753
117,US,11,2021,83720,85394,82046
118,US,11,2022,88270,90035,86505
119,US,11,2023,95550,97461,93639
120,US,11,2024,101920,103958,99882
121,US,11,2025,109200,111384,107016
122,US,12,2015,68400,69768,67032
123,US,12,2016,72200,73644,70756
124,US,12,2017,76000,77520,74480
125,US,12,2018,80750,82365,79135
126,US,12,2019,85500,87210,83790
127,US,12,2020,82650,80997,84303
128,US,12,2021,87400,89148,85652
129,US,12,2022,92150,93993,90307
130,US,12,2023,99750,101745,97755
131,US,12,2024,106400,108528,104272
132,US,12,2025,114000,116280,111720
133,US,13,2015,104400,106488,102312
134,US,13,2016,110200,112404,107996
135,US,13,2017,116000,118320,113680
136,US,13,2018,123250,125715,120785
137,US,13,2019,130500,133110,127890
138,US,13,2020,126150,123627,128673
139,US,13,2021,133400,136068,130732
140,US,13,2022,140650,143463,137837
141,US,13,2023,152250,155295,149205
142,US,13,2024,162400,165648,159152
143,US,13,2025,174000,177480,170520
144,US,14,2015,72720,74174,71266
145,US,14,2016,76760,78295,75225
146,US,14,2017,80800,82416,79184
147,US,14,2018,85850,87567,84133
148,US,14,2019,90900,92718,89082
149,US,14,2020,87870,86113,89627
150,US,14,2021,92920,94778,91062
151,US,14,2022,97970,99929,96011
152,US,14,2023,106050,108171,103929
153,US,14,2024,113120,115382,110858
154,US,14,2025,121200,123624,118776
155,US,15,2015,64800,66096,63504
156,US,15,2016,68400,69768,67032
157,US,15,2017,72000,73440,70560
158,US,15,2018,76500,78030,74970
159,US,15,2019,81000,82620,79380
160,US,15,2020,78300,76734,79866
161,US,15,2021,82800,84456,81144
162,US,15,2022,87300,89046,85554
163,US,15,2023,94500,96390,92610
164,US,15,2024,100800,102816,98784
165,US,15,2025,108000,110160,105840
166,IN,1,2015,14256,14541,13971
167,IN,1,2016,15048,15349,14747
168,IN,1,2017,15840,16157,15523
169,IN,1,2018,16830,17167,16493
170,IN,1,2019,17820,18176,17464
171,IN,1,2020,17226,16881,17571
172,IN,1,2021,18216,18580,17852
173,IN,1,2022,19206,19590,18822
174,IN,1,2023,20790,21206,20374
175,IN,1,2024,22176,22620,21732
176,IN,1,2025,23760,24235,23285
177,IN,2,2015,9936,10135,9737
178,IN,2,2016,10488,10698,10278
179,IN,2,2017,11040,11261,10819
180,IN,2,2018,11730,11965,11495
181,IN,2,2019,12420,12668,12172
182,IN,2,2020,12006,11766,12246
183,IN,2,2021,12696,12950,12442
184,IN,2,2022,13386,13654,13118
185,IN,2,2023,14490,14780,14200
186,IN,2,2024,15456,15765,15147
187,IN,2,2025,16560,16891,16229
188,IN,3,2015,16920,17258,16582
189,IN,3,2016,17860,18217,17503
190,IN,3,2017,18800,19176,18424
191,IN,3,2018,19975,20374,19576
192,IN,3,2019,21150,21573,20727
193,IN,3,2020,20445,20036,20854
194,IN,3,2021,21620,22052,21188
195,IN,3,2022,22795,23251,22339
196,IN,3,2023,24675,25168,24182
197,IN,3,2024,26320,26846,25794
198,IN,3,2025,28200,28764,27636
199,IN,4,2015,21600,22032,21168
200,IN,4,2016,22800,23256,22344
201,IN,4,2017,24000,24480,23520
202,IN,4,2018,25500,26010,24990
203,IN,4,2019,27000,27540,26460
204,IN,4,2020,26100,25578,26622
205,IN,4,2021,27600,28152,27048
206,IN,4,2022,29100,29682,28518
207,IN,4,2023,31500,32130,30870
208,IN,4,2024,33600,34272,32928
209,IN,4,2025,36000,36720,35280
210,IN,5,2015,24480,24970,23990
211,IN,5,2016,25840,26357,25323
212,IN,5,2017,27200,27744,26656
213,IN,5,2018,28900,29478,28322
214,IN,5,2019,30600,31212,29988
215,IN,5,2020,29580,28988,30172
216,IN,5,2021,31280,31906,30654
217,IN,5,2022,32980,33640,32320
218,IN,5,2023,35700,36414,34986
219,IN,5,2024,38080,38842,37318
220,IN,5,2025,40800,41616,39984
221,IN,6,2015,8496,8666,8326
222,IN,6,2016,8968,9147,8789
223,IN,6,2017,9440,9629,9251
224,IN,6,2018,10030,10231,9829
225,IN,6,2019,10620,10832,10408
226,IN,6,2020,10266,10061,10471
227,IN,6,2021,10856,11073,10639
228,IN,6,2022,11446,11675,11217
229,IN,6,2023,12390,12638,12142
230,IN,6,2024,13216,13480,12952
231,IN,6,2025,14160,14443,13877
232,IN,7,2015,12600,12852,12348
233,IN,7,2016,13300,13566,13034
234,IN,7,2017,14000,14280,13720
235,IN,7,2018,14875,15172,14578
236,IN,7,2019,15750,16065,15435
237,IN,7,2020,15225,14920,15530
238,IN,7,2021,16100,16422,15778
239,IN,7,2022,16975,17314,16636
240,IN,7,2023,18375,18742,18008
241,IN,7,2024,19600,19992,19208
242,IN,7,2025,21000,21420,20580
243,IN,8,2015,16200,16524,15876
244,IN,8,2016,17100,17442,16758
245,IN,8,2017,18000,18360,17640
246,IN,8,2018,19125,19508,18742
247,IN,8,2019,20250,20655,19845
248,IN,8,2020,19575,19184,19966
249,IN,8,2021,20700,21114,20286
250,IN,8,2022,21825,22262,21388
251,IN,8,2023,23625,24098,23152
252,IN,8,2024,25200,25704,24696
253,IN,8,2025,27000,27540,26460
254,IN,9,2015,15336,15643,15029
255,IN,9,2016,16188,16512,15864
256,IN,9,2017,17040,17381,16699
257,IN,9,2018,18105,18467,17743
258,IN,9,2019,19170,19553,18787
259,IN,9,2020,18531,18160,18902
260,IN,9,2021,19596,19988,19204
261,IN,9,2022,20661,21074,20248
262,IN,9,2023,22365,22812,21918
263,IN,9,2024,23856,24333,23379
264,IN,9,2025,25560,26071,25049
265,IN,10,2015,13104,13366,12842
266,IN,10,2016,13832,14109,13555
267,IN,10,2017,14560,14851,14269
268,IN,10,2018,15470,15779,15161
269,IN,10,2019,16380,16708,16052
270,IN,10,2020,15834,15517,16151
271,IN,10,2021,16744,17079,16409
272,IN,10,2022,17654,18007,17301
273,IN,10,2023,19110,19492,18728
274,IN,10,2024,20384,20792,19976
275,IN,10,2025,21840,22277,21403
276,IN,11,2015,10224,10428,10020
277,IN,11,2016,10792,11008,10576
278,IN,11,2017,11360,11587,11133
279,IN,11,2018,12070,12311,11829
280,IN,11,2019,12780,13036,12524
281,IN,11,2020,12354,12107,12601
282,IN,11,2021,13064,13325,12803
283,IN,11,2022,13774,14049,13499
284,IN,11,2023,14910,15208,14612
285,IN,11,2024,15904,16222,15586
286,IN,11,2025,17040,17381,16699
287,IN,12,2015,9216,9400,9032
288,IN,12,2016,9728,9923,9533
289,IN,12,2017,10240,10445,10035
290,IN,12,2018,10880,11098,10662
291,IN,12,2019,11520,11750,11290
292,IN,12,2020,11136,10913,11359
293,IN,12,2021,11776,12012,11540
294,IN,12,2022,12416,12664,12168
295,IN,12,2023,13440,13709,13171
296,IN,12,2024,14336,14623,14049
297,IN,12,2025,15360,15667,15053
298,IN,13,2015,18360,18727,17993
299,IN,13,2016,19380,19768,18992
300,IN,13,2017,20400,20808,19992
301,IN,13,2018,21675,22108,21242
302,IN,13,2019,22950,23409,22491
303,IN,13,2020,22185,21741,22629
304,IN,13,2021,23460,23929,22991
305,IN,13,2022,24735,25230,24240
306,IN,13,2023,26775,27310,26240
307,IN,13,2024,28560,29131,27989
308,IN,13,2025,30600,31212,29988
309,IN,14,2015,10944,11163,10725
310,IN,14,2016,11552,11783,11321
311,IN,14,2017,12160,12403,11917
312,IN,14,2018,12920,13178,12662
313,IN,14,2019,13680,13954,13406
314,IN,14,2020,13224,12960,13488
315,IN,14,2021,13984,14264,13704
316,IN,14,2022,14744,15039,14449
317,IN,14,2023,15960,16279,15641
318,IN,14,2024,17024,17364,16684
319,IN,14,2025,18240,18605,17875
320,IN,15,2015,9504,9694,9314
321,IN,15,2016,10032,10233,9831
322,IN,15,2017,10560,10771,10349
323,IN,15,2018,11220,11444,10996
324,IN,15,2019,11880,12118,11642
325,IN,15,2020,11484,11254,11714
326,IN,15,2021,12144,12387,11901
327,IN,15,2022,12804,13060,12548
328,IN,15,2023,13860,14137,13583
329,IN,15,2024,14784,15080,14488
330,IN,15,2025,15840,16157,15523
331,GB,1,2015,56160,57283,55037
332,GB,1,2016,59280,60466,58094
333,GB,1,2017,62400,63648,61152
334,GB,1,2018,66300,67626,64974
335,GB,1,2019,70200,71604,68796
336,GB,1,2020,67860,66503,69217
337,GB,1,2021,71760,73195,70325
338,GB,1,2022,75660,77173,74147
339,GB,1,2023,81900,83538,80262
340,GB,1,2024,87360,89107,85613
341,GB,1,2025,93600,95472,91728
342,GB,2,2015,38880,39658,38102
343,GB,2,2016,41040,41861,40219
344,GB,2,2017,43200,44064,42336
345,GB,2,2018,45900,46818,44982
346,GB,2,2019,48600,49572,47628
347,GB,2,2020,46980,46040,47920
348,GB,2,2021,49680,50674,48686
349,GB,2,2022,52380,53428,51332
350,GB,2,2023,56700,57834,55566
351,GB,2,2024,60480,61690,59270
352,GB,2,2025,64800,66096,63504
353,GB,3,2015,60480,61690,59270
354,GB,3,2016,63840,65117,62563
355,GB,3,2017,67200,68544,65856
356,GB,3,2018,71400,72828,69972
357,GB,3,2019,75600,77112,74088
358,GB,3,2020,73080,71618,74542
359,GB,3,2021,77280,78826,75734
360,GB,3,2022,81480,83110,79850
361,GB,3,2023,88200,89964,86436
362,GB,3,2024,94080,95962,92198
363,GB,3,2025,100800,102816,98784
364,GB,4,2015,69120,70502,67738
365,GB,4,2016,72960,74419,71501
366,GB,4,2017,76800,78336,75264
367,GB,4,2018,81600,83232,79968
368,GB,4,2019,86400,88128,84672
369,GB,4,2020,83520,81850,85190
370,GB,4,2021,88320,90086,86554
371,GB,4,2022,93120,94982,91258
372,GB,4,2023,100800,102816,98784
373,GB,4,2024,107520,109670,105370
374,GB,4,2025,115200,117504,112896
375,GB,5,2015,74160,75643,72677
376,GB,5,2016,78280,79846,76714
377,GB,5,2017,82400,84048,80752
378,GB,5,2018,87550,89301,85799
379,GB,5,2019,92700,94554,90846
380,GB,5,2020,89610,87818,91402
381,GB,5,2021,94760,96655,92865
382,GB,5,2022,99910,101908,97912
383,GB,5,2023,108150,110313,105987
384,GB,5,2024,115360,117667,113053
385,GB,5,2025,123600,126072,121128
386,GB,6,2015,38880,39658,38102
387,GB,6,2016,41040,41861,40219
388,GB,6,2017,43200,44064,42336
389,GB,6,2018,45900,46818,44982
390,GB,6,2019,48600,49572,47628
391,GB,6,2020,46980,46040,47920
392,GB,6,2021,49680,50674,48686
393,GB,6,2022,52380,53428,51332
394,GB,6,2023,56700,57834,55566
395,GB,6,2024,60480,61690,59270
396,GB,6,2025,64800,66096,63504
397,GB,7,2015,50400,51408,49392
398,GB,7,2016,53200,54264,52136
399,GB,7,2017,56000,57120,54880
400,GB,7,2018,59500,60690,58310
401,GB,7,2019,63000,64260,61740
402,GB,7,2020,60900,59682,62118
403,GB,7,2021,64400,65688,63112
404,GB,7,2022,67900,69258,66542
405,GB,7,2023,73500,74970,72030
406,GB,7,2024,78400,79968,76832
407,GB,7,2025,84000,85680,82320
408,GB,8,2015,62640,63893,61387
409,GB,8,2016,66120,67442,64798
410,GB,8,2017,69600,70992,68208
411,GB,8,2018,73950,75429,72471
412,GB,8,2019,78300,79866,76734
413,GB,8,2020,75690,74176,77204
414,GB,8,2021,80040,81641,78439
415,GB,8,2022,84390,86078,82702
416,GB,8,2023,91350,93177,89523
417,GB,8,2024,97440,99389,95491
418,GB,8,2025,104400,106488,102312
419,GB,9,2015,59040,60221,57859
420,GB,9,2016,62320,63566,61074
421,GB,9,2017,65600,66912,64288
422,GB,9,2018,69700,71094,68306
423,GB,9,2019,73800,75276,72324
424,GB,9,2020,71340,69913,72767
425,GB,9,2021,75440,76949,73931
426,GB,9,2022,79540,81131,77949
427,GB,9,2023,86100,87822,84378
428,GB,9,2024,91840,93677,90003
429,GB,9,2025,98400,100368,96432
430,GB,10,2015,48960,49939,47981
431,GB,10,2016,51680,52714,50646
432,GB,10,2017,54400,55488,53312
433,GB,10,2018,57800,58956,56644
434,GB,10,2019,61200,62424,59976
435,GB,10,2020,59160,57977,60343
436,GB,10,2021,62560,63811,61309
437,GB,10,2022,65960,67279,64641
438,GB,10,2023,71400,72828,69972
439,GB,10,2024,76160,77683,74637
440,GB,10,2025,81600,83232,79968
441,GB,11,2015,40320,41126,39514
442,GB,11,2016,42560,43411,41709
443,GB,11,2017,44800,45696,43904
444,GB,11,2018,47600,48552,46648
445,GB,11,2019,50400,51408,49392
446,GB,11,2020,48720,47746,49694
447,GB,11,2021,51520,52550,50490
448,GB,11,2022,54320,55406,53234
449,GB,11,2023,58800,59976,57624
450,GB,11,2024,62720,63974,61466
451,GB,11,2025,67200,68544,65856
452,GB,12,2015,41760,42595,40925
453,GB,12,2016,44080,44962,43198
454,GB,12,2017,46400,47328,45472
455,GB,12,2018,49300,50286,48314
456,GB,12,2019,52200,53244,51156
457,GB,12,2020,50460,49451,51469
458,GB,12,2021,53360,54427,52293
459,GB,12,2022,56260,57385,55135
460,GB,12,2023,60900,62118,59682
461,GB,12,2024,64960,66259,63661
462,GB,12,2025,69600,70992,68208
463,GB,13,2015,65520,66830,64210
464,GB,13,2016,69160,70543,67777
465,GB,13,2017,72800,74256,71344
466,GB,13,2018,77350,78897,75803
467,GB,13,2019,81900,83538,80262
468,GB,13,2020,79170,77587,80753
469,GB,13,2021,83720,85394,82046
470,GB,13,2022,88270,90035,86505
471,GB,13,2023,95550,97461,93639
472,GB,13,2024,101920,103958,99882
473,GB,13,2025,109200,111384,107016
474,GB,14,2015,45360,46267,44453
475,GB,14,2016,47880,48838,46922
476,GB,14,2017,50400,51408,49392
477,GB,14,2018,53550,54621,52479
478,GB,14,2019,56700,57834,55566
479,GB,14,2020,54810,53714,55906
480,GB,14,2021,57960,59119,56801
481,GB,14,2022,61110,62332,59888
482,GB,14,2023,66150,67473,64827
483,GB,14,2024,70560,71971,69149
484,GB,14,2025,75600,77112,74088
485,GB,15,2015,41040,41861,40219
486,GB,15,2016,43320,44186,42454
487,GB,15,2017,45600,46512,44688
488,GB,15,2018,48450,49419,47481
489,GB,15,2019,51300,52326,50274
490,GB,15,2020,49590,48598,50582
491,GB,15,2021,52440,53489,51391
492,GB,15,2022,55290,56396,54184
493,GB,15,2023,59850,61047,58653
494,GB,15,2024,63840,65117,62563
495,GB,15,2025,68400,69768,67032
496,CA,1,2015,69120,70502,67738
497,CA,1,2016,72960,74419,71501
498,CA,1,2017,76800,78336,75264
499,CA,1,2018,81600,83232,79968
500,CA,1,2019,86400,88128,84672
501,CA,1,2020,83520,81850,85190
502,CA,1,2021,88320,90086,86554
503,CA,1,2022,93120,94982,91258
504,CA,1,2023,100800,102816,98784
505,CA,1,2024,107520,109670,105370
506,CA,1,2025,115200,117504,112896
507,CA,2,2015,48240,49205,47275
508,CA,2,2016,50920,51938,49902
509,CA,2,2017,53600,54672,52528
510,CA,2,2018,56950,58089,55811
511,CA,2,2019,60300,61506,59094
512,CA,2,2020,58290,57124,59456
513,CA,2,2021,61640,62873,60407
514,CA,2,2022,64990,66290,63690
515,CA,2,2023,70350,71757,68943
516,CA,2,2024,75040,76541,73539
517,CA,2,2025,80400,82008,78792
518,CA,3,2015,72720,74174,71266
519,CA,3,2016,76760,78295,75225
520,CA,3,2017,80800,82416,79184
521,CA,3,2018,85850,87567,84133
522,CA,3,2019,90900,92718,89082
523,CA,3,2020,87870,86113,89627
524,CA,3,2021,92920,94778,91062
525,CA,3,2022,97970,99929,96011
526,CA,3,2023,106050,108171,103929
527,CA,3,2024,113120,115382,110858
528,CA,3,2025,121200,123624,118776
529,CA,4,2015,84240,85925,82555
530,CA,4,2016,88920,90698,87142
531,CA,4,2017,93600,95472,91728
532,CA,4,2018,99450,101439,97461
533,CA,4,2019,105300,107406,103194
534,CA,4,2020,101790,99754,103826
535,CA,4,2021,107640,109793,105487
536,CA,4,2022,113490,115760,111220
537,CA,4,2023,122850,125307,120393
538,CA,4,2024,131040,133661,128419
539,CA,4,2025,140400,143208,137592
540,CA,5,2015,90000,91800,88200
541,CA,5,2016,95000,96900,93100
542,CA,5,2017,100000,102000,98000
543,CA,5,2018,106250,108375,104125
544,CA,5,2019,112500,114750,110250
545,CA,5,2020,108750,106575,110925
546,CA,5,2021,115000,117300,112700
547,CA,5,2022,121250,123675,118825
548,CA,5,2023,131250,133875,128625
549,CA,5,2024,140000,142800,137200
550,CA,5,2025,150000,153000,147000
551,CA,6,2015,48240,49205,47275
552,CA,6,2016,50920,51938,49902
553,CA,6,2017,53600,54672,52528
554,CA,6,2018,56950,58089,55811
555,CA,6,2019,60300,61506,59094
556,CA,6,2020,58290,57124,59456
557,CA,6,2021,61640,62873,60407
558,CA,6,2022,64990,66290,63690
559,CA,6,2023,70350,71757,68943
560,CA,6,2024,75040,76541,73539
561,CA,6,2025,80400,82008,78792
562,CA,7,2015,62640,63893,61387
563,CA,7,2016,66120,67442,64798
564,CA,7,2017,69600,70992,68208
565,CA,7,2018,73950,75429,72471
566,CA,7,2019,78300,79866,76734
567,CA,7,2020,75690,74176,77204
568,CA,7,2021,80040,81641,78439
569,CA,7,2022,84390,86078,82702
570,CA,7,2023,91350,93177,89523
571,CA,7,2024,97440,99389,95491
572,CA,7,2025,104400,106488,102312
573,CA,8,2015,77040,78581,75499
574,CA,8,2016,81320,82946,79694
575,CA,8,2017,85600,87312,83888
576,CA,8,2018,90950,92769,89131
577,CA,8,2019,96300,98226,94374
578,CA,8,2020,93090,91228,94952
579,CA,8,2021,98440,100409,96471
580,CA,8,2022,103790,105866,101714
581,CA,8,2023,112350,114597,110103
582,CA,8,2024,119840,122237,117443
583,CA,8,2025,128400,130968,125832
584,CA,9,2015,72720,74174,71266
585,CA,9,2016,76760,78295,75225
586,CA,9,2017,80800,82416,79184
587,CA,9,2018,85850,87567,84133
588,CA,9,2019,90900,92718,89082
589,CA,9,2020,87870,86113,89627
590,CA,9,2021,92920,94778,91062
591,CA,9,2022,97970,99929,96011
592,CA,9,2023,106050,108171,103929
593,CA,9,2024,113120,115382,110858
594,CA,9,2025,121200,123624,118776
595,CA,10,2015,60480,61690,59270
596,CA,10,2016,63840,65117,62563
597,CA,10,2017,67200,68544,65856
598,CA,10,2018,71400,72828,69972
599,CA,10,2019,75600,77112,74088
600,CA,10,2020,73080,71618,74542
601,CA,10,2021,77280,78826,75734
602,CA,10,2022,81480,83110,79850
603,CA,10,2023,88200,89964,86436
604,CA,10,2024,94080,95962,92198
605,CA,10,2025,100800,102816,98784
606,CA,11,2015,50400,51408,49392
607,CA,11,2016,53200,54264,52136
608,CA,11,2017,56000,57120,54880
609,CA,11,2018,59500,60690,58310
610,CA,11,2019,63000,64260,61740
611,CA,11,2020,60900,59682,62118
612,CA,11,2021,64400,65688,63112
613,CA,11,2022,67900,69258,66542
614,CA,11,2023,73500,74970,72030
615,CA,11,2024,78400,79968,76832
616,CA,11,2025,84000,85680,82320
617,CA,12,2015,52560,53611,51509
618,CA,12,2016,55480,56590,54370
619,CA,12,2017,58400,59568,57232
620,CA,12,2018,62050,63291,60809
621,CA,12,2019,65700,67014,64386
622,CA,12,2020,63510,62240,64780
623,CA,12,2021,67160,68503,65817
624,CA,12,2022,70810,72226,69394
625,CA,12,2023,76650,78183,75117
626,CA,12,2024,81760,83395,80125
627,CA,12,2025,87600,89352,85848
628,CA,13,2015,79920,81518,78322
629,CA,13,2016,84360,86047,82673
630,CA,13,2017,88800,90576,87024
631,CA,13,2018,94350,96237,92463
632,CA,13,2019,99900,101898,97902
633,CA,13,2020,96570,94639,98501
634,CA,13,2021,102120,104162,100078
635,CA,13,2022,107670,109823,105517
636,CA,13,2023,116550,118881,114219
637,CA,13,2024,124320,126806,121834
638,CA,13,2025,133200,135864,130536
639,CA,14,2015,56160,57283,55037
640,CA,14,2016,59280,60466,58094
641,CA,14,2017,62400,63648,61152
642,CA,14,2018,66300,67626,64974
643,CA,14,2019,70200,71604,68796
644,CA,14,2020,67860,66503,69217
645,CA,14,2021,71760,73195,70325
646,CA,14,2022,75660,77173,74147
647,CA,14,2023,81900,83538,80262
648,CA,14,2024,87360,89107,85613
649,CA,14,2025,93600,95472,91728
650,CA,15,2015,50400,51408,49392
651,CA,15,2016,53200,54264,52136
652,CA,15,2017,56000,57120,54880
653,CA,15,2018,59500,60690,58310
654,CA,15,2019,63000,64260,61740
655,CA,15,2020,60900,59682,62118
656,CA,15,2021,64400,65688,63112
657,CA,15,2022,67900,69258,66542
658,CA,15,2023,73500,74970,72030
659,CA,15,2024,78400,79968,76832
660,CA,15,2025,84000,85680,82320
661,DE,1,2015,54000,55080,52920
662,DE,1,2016,57000,58140,55860
663,DE,1,2017,60000,61200,58800
664,DE,1,2018,63750,65025,62475
665,DE,1,2019,67500,68850,66150
666,DE,1,2020,65250,63945,66555
667,DE,1,2021,69000,70380,67620
668,DE,1,2022,72750,74205,71295
669,DE,1,2023,78750,80325,77175
670,DE,1,2024,84000,85680,82320
671,DE,1,2025,90000,91800,88200
672,DE,2,2015,38880,39658,38102
673,DE,2,2016,41040,41861,40219
674,DE,2,2017,43200,44064,42336
675,DE,2,2018,45900,46818,44982
676,DE,2,2019,48600,49572,47628
677,DE,2,2020,46980,46040,47920
678,DE,2,2021,49680,50674,48686
679,DE,2,2022,52380,53428,51332
680,DE,2,2023,56700,57834,55566
681,DE,2,2024,60480,61690,59270
682,DE,2,2025,64800,66096,63504
683,DE,3,2015,57600,58752,56448
684,DE,3,2016,60800,62016,59584
685,DE,3,2017,64000,65280,62720
686,DE,3,2018,68000,69360,66640
687,DE,3,2019,72000,73440,70560
688,DE,3,2020,69600,68208,70992
689,DE,3,2021,73600,75072,72128
690,DE,3,2022,77600,79152,76048
691,DE,3,2023,84000,85680,82320
692,DE,3,2024,89600,91392,87808
693,DE,3,2025,96000,97920,94080
694,DE,4,2015,66240,67565,64915
695,DE,4,2016,69920,71318,68522
696,DE,4,2017,73600,75072,72128
697,DE,4,2018,78200,79764,76636
698,DE,4,2019,82800,84456,81144
699,DE,4,2020,80040,78439,81641
700,DE,4,2021,84640,86333,82947
701,DE,4,2022,89240,91025,87455
702,DE,4,2023,96600,98532,94668
703,DE,4,2024,103040,105101,100979
704,DE,4,2025,110400,112608,108192
705,DE,5,2015,70560,71971,69149
706,DE,5,2016,74480,75970,72990
707,DE,5,2017,78400,79968,76832
708,DE,5,2018,83300,84966,81634
709,DE,5,2019,88200,89964,86436
710,DE,5,2020,85260,83555,86965
711,DE,5,2021,90160,91963,88357
712,DE,5,2022,95060,96961,93159
713,DE,5,2023,102900,104958,100842
714,DE,5,2024,109760,111955,107565
715,DE,5,2025,117600,119952,115248
716,DE,6,2015,38880,39658,38102
717,DE,6,2016,41040,41861,40219
718,DE,6,2017,43200,44064,42336
719,DE,6,2018,45900,46818,44982
720,DE,6,2019,48600,49572,47628
721,DE,6,2020,46980,46040,47920
722,DE,6,2021,49680,50674,48686
723,DE,6,2022,52380,53428,51332
724,DE,6,2023,56700,57834,55566
725,DE,6,2024,60480,61690,59270
726,DE,6,2025,64800,66096,63504
727,DE,7,2015,48960,49939,47981
728,DE,7,2016,51680,52714,50646
729,DE,7,2017,54400,55488,53312
730,DE,7,2018,57800,58956,56644
731,DE,7,2019,61200,62424,59976
732,DE,7,2020,59160,57977,60343
733,DE,7,2021,62560,63811,61309
734,DE,7,2022,65960,67279,64641
735,DE,7,2023,71400,72828,69972
736,DE,7,2024,76160,77683,74637
737,DE,7,2025,81600,83232,79968
738,DE,8,2015,59040,60221,57859
739,DE,8,2016,62320,63566,61074
740,DE,8,2017,65600,66912,64288
741,DE,8,2018,69700,71094,68306
742,DE,8,2019,73800,75276,72324
743,DE,8,2020,71340,69913,72767
744,DE,8,2021,75440,76949,73931
745,DE,8,2022,79540,81131,77949
746,DE,8,2023,86100,87822,84378
747,DE,8,2024,91840,93677,90003
748,DE,8,2025,98400,100368,96432
749,DE,9,2015,55440,56549,54331
750,DE,9,2016,58520,59690,57350
751,DE,9,2017,61600,62832,60368
752,DE,9,2018,65450,66759,64141
753,DE,9,2019,69300,70686,67914
754,DE,9,2020,66990,65650,68330
755,DE,9,2021,70840,72257,69423
756,DE,9,2022,74690,76184,73196
757,DE,9,2023,80850,82467,79233
758,DE,9,2024,86240,87965,84515
759,DE,9,2025,92400,94248,90552
760,DE,10,2015,46080,47002,45158
761,DE,10,2016,48640,49613,47667
762,DE,10,2017,51200,52224,50176
763,DE,10,2018,54400,55488,53312
764,DE,10,2019,57600,58752,56448
765,DE,10,2020,55680,54566,56794
766,DE,10,2021,58880,60058,57702
767,DE,10,2022,62080,63322,60838
768,DE,10,2023,67200,68544,65856
769,DE,10,2024,71680,73114,70246
770,DE,10,2025,76800,78336,75264
771,DE,11,2015,40320,41126,39514
772,DE,11,2016,42560,43411,41709
773,DE,11,2017,44800,45696,43904
774,DE,11,2018,47600,48552,46648
775,DE,11,2019,50400,51408,49392
776,DE,11,2020,48720,47746,49694
777,DE,11,2021,51520,52550,50490
778,DE,11,2022,54320,55406,53234
779,DE,11,2023,58800,59976,57624
780,DE,11,2024,62720,63974,61466
781,DE,11,2025,67200,68544,65856
782,DE,12,2015,41040,41861,40219
783,DE,12,2016,43320,44186,42454
784,DE,12,2017,45600,46512,44688
785,DE,12,2018,48450,49419,47481
786,DE,12,2019,51300,52326,50274
787,DE,12,2020,49590,48598,50582
788,DE,12,2021,52440,53489,51391
789,DE,12,2022,55290,56396,54184
790,DE,12,2023,59850,61047,58653
791,DE,12,2024,63840,65117,62563
792,DE,12,2025,68400,69768,67032
793,DE,13,2015,62640,63893,61387
794,DE,13,2016,66120,67442,64798
795,DE,13,2017,69600,70992,68208
796,DE,13,2018,73950,75429,72471
797,DE,13,2019,78300,79866,76734
798,DE,13,2020,75690,74176,77204
799,DE,13,2021,80040,81641,78439
800,DE,13,2022,84390,86078,82702
801,DE,13,2023,91350,93177,89523
802,DE,13,2024,97440,99389,95491
803,DE,13,2025,104400,106488,102312
804,DE,14,2015,43920,44798,43042
805,DE,14,2016,46360,47287,45433
806,DE,14,2017,48800,49776,47824
807,DE,14,2018,51850,52887,50813
808,DE,14,2019,54900,55998,53802
809,DE,14,2020,53070,52009,54131
810,DE,14,2021,56120,57242,54998
811,DE,14,2022,59170,60353,57987
812,DE,14,2023,64050,65331,62769
813,DE,14,2024,68320,69686,66954
814,DE,14,2025,73200,74664,71736
815,DE,15,2015,40320,41126,39514
816,DE,15,2016,42560,43411,41709
817,DE,15,2017,44800,45696,43904
818,DE,15,2018,47600,48552,46648
819,DE,15,2019,50400,51408,49392
820,DE,15,2020,48720,47746,49694
821,DE,15,2021,51520,52550,50490
822,DE,15,2022,54320,55406,53234
823,DE,15,2023,58800,59976,57624
824,DE,15,2024,62720,63974,61466
825,DE,15,2025,67200,68544,65856
826,AU,1,2015,65520,66830,64210
827,AU,1,2016,69160,70543,67777
828,AU,1,2017,72800,74256,71344
829,AU,1,2018,77350,78897,75803
830,AU,1,2019,81900,83538,80262
831,AU,1,2020,79170,77587,80753
832,AU,1,2021,83720,85394,82046
833,AU,1,2022,88270,90035,86505
834,AU,1,2023,95550,97461,93639
835,AU,1,2024,101920,103958,99882
836,AU,1,2025,109200,111384,107016
837,AU,2,2015,46080,47002,45158
838,AU,2,2016,48640,49613,47667
839,AU,2,2017,51200,52224,50176
840,AU,2,2018,54400,55488,53312
841,AU,2,2019,57600,58752,56448
842,AU,2,2020,55680,54566,56794
843,AU,2,2021,58880,60058,57702
844,AU,2,2022,62080,63322,60838
845,AU,2,2023,67200,68544,65856
846,AU,2,2024,71680,73114,70246
847,AU,2,2025,76800,78336,75264
848,AU,3,2015,69840,71237,68443
849,AU,3,2016,73720,75194,72246
850,AU,3,2017,77600,79152,76048
851,AU,3,2018,82450,84099,80801
852,AU,3,2019,87300,89046,85554
853,AU,3,2020,84390,82702,86078
854,AU,3,2021,89240,91025,87455
855,AU,3,2022,94090,95972,92208
856,AU,3,2023,101850,103887,99813
857,AU,3,2024,108640,110813,106467
858,AU,3,2025,116400,118728,114072
859,AU,4,2015,79920,81518,78322
860,AU,4,2016,84360,86047,82673
861,AU,4,2017,88800,90576,87024
862,AU,4,2018,94350,96237,92463
863,AU,4,2019,99900,101898,97902
864,AU,4,2020,96570,94639,98501
865,AU,4,2021,102120,104162,100078
866,AU,4,2022,107670,109823,105517
867,AU,4,2023,116550,118881,114219
868,AU,4,2024,124320,126806,121834
869,AU,4,2025,133200,135864,130536
870,AU,5,2015,85680,87394,83966
871,AU,5,2016,90440,92249,88631
872,AU,5,2017,95200,97104,93296
873,AU,5,2018,101150,103173,99127
874,AU,5,2019,107100,109242,104958
875,AU,5,2020,103530,101459,105601
876,AU,5,2021,109480,111670,107290
877,AU,5,2022,115430,117739,113121
878,AU,5,2023,124950,127449,122451
879,AU,5,2024,133280,135946,130614
880,AU,5,2025,142800,145656,139944
881,AU,6,2015,46080,47002,45158
882,AU,6,2016,48640,49613,47667
883,AU,6,2017,51200,52224,50176
884,AU,6,2018,54400,55488,53312
885,AU,6,2019,57600,58752,56448
886,AU,6,2020,55680,54566,56794
887,AU,6,2021,58880,60058,57702
888,AU,6,2022,62080,63322,60838
889,AU,6,2023,67200,68544,65856
890,AU,6,2024,71680,73114,70246
891,AU,6,2025,76800,78336,75264
892,AU,7,2015,59760,60955,58565
893,AU,7,2016,63080,64342,61818
894,AU,7,2017,66400,67728,65072
895,AU,7,2018,70550,71961,69139
896,AU,7,2019,74700,76194,73206
897,AU,7,2020,72210,70766,73654
898,AU,7,2021,76360,77887,74833
899,AU,7,2022,80510,82120,78900
900,AU,7,2023,87150,88893,85407
901,AU,7,2024,92960,94819,91101
902,AU,7,2025,99600,101592,97608
903,AU,8,2015,73440,74909,71971
904,AU,8,2016,77520,79070,75970
905,AU,8,2017,81600,83232,79968
906,AU,8,2018,86700,88434,84966
907,AU,8,2019,91800,93636,89964
908,AU,8,2020,88740,86965,90515
909,AU,8,2021,93840,95717,91963
910,AU,8,2022,98940,100919,96961
911,AU,8,2023,107100,109242,104958
912,AU,8,2024,114240,116525,111955
913,AU,8,2025,122400,124848,119952
914,AU,9,2015,69840,71237,68443
915,AU,9,2016,73720,75194,72246
916,AU,9,2017,77600,79152,76048
917,AU,9,2018,82450,84099,80801
918,AU,9,2019,87300,89046,85554
919,AU,9,2020,84390,82702,86078
920,AU,9,2021,89240,91025,87455
921,AU,9,2022,94090,95972,92208
922,AU,9,2023,101850,103887,99813
923,AU,9,2024,108640,110813,106467
924,AU,9,2025,116400,118728,114072
925,AU,10,2015,57600,58752,56448
926,AU,10,2016,60800,62016,59584
927,AU,10,2017,64000,65280,62720
928,AU,10,2018,68000,69360,66640
929,AU,10,2019,72000,73440,70560
930,AU,10,2020,69600,68208,70992
931,AU,10,2021,73600,75072,72128
932,AU,10,2022,77600,79152,76048
933,AU,10,2023,84000,85680,82320
934,AU,10,2024,89600,91392,87808
935,AU,10,2025,96000,97920,94080
936,AU,11,2015,48240,49205,47275
937,AU,11,2016,50920,51938,49902
938,AU,11,2017,53600,54672,52528
939,AU,11,2018,56950,58089,55811
940,AU,11,2019,60300,61506,59094
941,AU,11,2020,58290,57124,59456
942,AU,11,2021,61640,62873,60407
943,AU,11,2022,64990,66290,63690
944,AU,11,2023,70350,71757,68943
945,AU,11,2024,75040,76541,73539
946,AU,11,2025,80400,82008,78792
947,AU,12,2015,50400,51408,49392
948,AU,12,2016,53200,54264,52136
949,AU,12,2017,56000,57120,54880
950,AU,12,2018,59500,60690,58310
951,AU,12,2019,63000,64260,61740
952,AU,12,2020,60900,59682,62118
953,AU,12,2021,64400,65688,63112
954,AU,12,2022,67900,69258,66542
955,AU,12,2023,73500,74970,72030
956,AU,12,2024,78400,79968,76832
957,AU,12,2025,84000,85680,82320
958,AU,13,2015,76320,77846,74794
959,AU,13,2016,80560,82171,78949
960,AU,13,2017,84800,86496,83104
961,AU,13,2018,90100,91902,88298
962,AU,13,2019,95400,97308,93492
963,AU,13,2020,92220,90376,94064
964,AU,13,2021,97520,99470,95570
965,AU,13,2022,102820,104876,100764
966,AU,13,2023,111300,113526,109074
967,AU,13,2024,118720,121094,116346
968,AU,13,2025,127200,129744,124656
969,AU,14,2015,54720,55814,53626
970,AU,14,2016,57760,58915,56605
971,AU,14,2017,60800,62016,59584
972,AU,14,2018,64600,65892,63308
973,AU,14,2019,68400,69768,67032
974,AU,14,2020,66120,64798,67442
975,AU,14,2021,69920,71318,68522
976,AU,14,2022,73720,75194,72246
977,AU,14,2023,79800,81396,78204
978,AU,14,2024,85120,86822,83418
979,AU,14,2025,91200,93024,89376
980,AU,15,2015,48960,49939,47981
981,AU,15,2016,51680,52714,50646
982,AU,15,2017,54400,55488,53312
983,AU,15,2018,57800,58956,56644
984,AU,15,2019,61200,62424,59976
985,AU,15,2020,59160,57977,60343
986,AU,15,2021,62560,63811,61309
987,AU,15,2022,65960,67279,64641
988,AU,15,2023,71400,72828,69972
989,AU,15,2024,76160,77683,74637
990,AU,15,2025,81600,83232,79968
991,SG,1,2015,61200,62424,59976
992,SG,1,2016,64600,65892,63308
993,SG,1,2017,68000,69360,66640
994,SG,1,2018,72250,73695,70805
995,SG,1,2019,76500,78030,74970
996,SG,1,2020,73950,72471,75429
997,SG,1,2021,78200,79764,76636
998,SG,1,2022,82450,84099,80801
999,SG,1,2023,89250,91035,87465
1000,SG,1,2024,95200,97104,93296
1001,SG,1,2025,102000,104040,99960
1002,SG,2,2015,43200,44064,42336
1003,SG,2,2016,45600,46512,44688
1004,SG,2,2017,48000,48960,47040
1005,SG,2,2018,51000,52020,49980
1006,SG,2,2019,54000,55080,52920
1007,SG,2,2020,52200,51156,53244
1008,SG,2,2021,55200,56304,54096
1009,SG,2,2022,58200,59364,57036
1010,SG,2,2023,63000,64260,61740
1011,SG,2,2024,67200,68544,65856
1012,SG,2,2025,72000,73440,70560
1013,SG,3,2015,65520,66830,64210
1014,SG,3,2016,69160,70543,67777
1015,SG,3,2017,72800,74256,71344
1016,SG,3,2018,77350,78897,75803
1017,SG,3,2019,81900,83538,80262
1018,SG,3,2020,79170,77587,80753
1019,SG,3,2021,83720,85394,82046
1020,SG,3,2022,88270,90035,86505
1021,SG,3,2023,95550,97461,93639
1022,SG,3,2024,101920,103958,99882
1023,SG,3,2025,109200,111384,107016
1024,SG,4,2015,74880,76378,73382
1025,SG,4,2016,79040,80621,77459
1026,SG,4,2017,83200,84864,81536
1027,SG,4,2018,88400,90168,86632
1028,SG,4,2019,93600,95472,91728
1029,SG,4,2020,90480,88670,92290
1030,SG,4,2021,95680,97594,93766
1031,SG,4,2022,100880,102898,98862
1032,SG,4,2023,109200,111384,107016
1033,SG,4,2024,116480,118810,114150
1034,SG,4,2025,124800,127296,122304
1035,SG,5,2015,80640,82253,79027
1036,SG,5,2016,85120,86822,83418
1037,SG,5,2017,89600,91392,87808
1038,SG,5,2018,95200,97104,93296
1039,SG,5,2019,100800,102816,98784
1040,SG,5,2020,97440,95491,99389
1041,SG,5,2021,103040,105101,100979
1042,SG,5,2022,108640,110813,106467
1043,SG,5,2023,117600,119952,115248
1044,SG,5,2024,125440,127949,122931
1045,SG,5,2025,134400,137088,131712
1046,SG,6,2015,43200,44064,42336
1047,SG,6,2016,45600,46512,44688
1048,SG,6,2017,48000,48960,47040
1049,SG,6,2018,51000,52020,49980
1050,SG,6,2019,54000,55080,52920
1051,SG,6,2020,52200,51156,53244
1052,SG,6,2021,55200,56304,54096
1053,SG,6,2022,58200,59364,57036
1054,SG,6,2023,63000,64260,61740
1055,SG,6,2024,67200,68544,65856
1056,SG,6,2025,72000,73440,70560
1057,SG,7,2015,56160,57283,55037
1058,SG,7,2016,59280,60466,58094
1059,SG,7,2017,62400,63648,61152
1060,SG,7,2018,66300,67626,64974
1061,SG,7,2019,70200,71604,68796
1062,SG,7,2020,67860,66503,69217
1063,SG,7,2021,71760,73195,70325
1064,SG,7,2022,75660,77173,74147
1065,SG,7,2023,81900,83538,80262
1066,SG,7,2024,87360,89107,85613
1067,SG,7,2025,93600,95472,91728
1068,SG,8,2015,69120,70502,67738
1069,SG,8,2016,72960,74419,71501
1070,SG,8,2017,76800,78336,75264
1071,SG,8,2018,81600,83232,79968
1072,SG,8,2019,86400,88128,84672
1073,SG,8,2020,83520,81850,85190
1074,SG,8,2021,88320,90086,86554
1075,SG,8,2022,93120,94982,91258
1076,SG,8,2023,100800,102816,98784
1077,SG,8,2024,107520,109670,105370
1078,SG,8,2025,115200,117504,112896
1079,SG,9,2015,64800,66096,63504
1080,SG,9,2016,68400,69768,67032
1081,SG,9,2017,72000,73440,70560
1082,SG,9,2018,76500,78030,74970
1083,SG,9,2019,81000,82620,79380
1084,SG,9,2020,78300,76734,79866
1085,SG,9,2021,82800,84456,81144
1086,SG,9,2022,87300,89046,85554
1087,SG,9,2023,94500,96390,92610
1088,SG,9,2024,100800,102816,98784
1089,SG,9,2025,108000,110160,105840
1090,SG,10,2015,54000,55080,52920
1091,SG,10,2016,57000,58140,55860
1092,SG,10,2017,60000,61200,58800
1093,SG,10,2018,63750,65025,62475
1094,SG,10,2019,67500,68850,66150
1095,SG,10,2020,65250,63945,66555
1096,SG,10,2021,69000,70380,67620
1097,SG,10,2022,72750,74205,71295
1098,SG,10,2023,78750,80325,77175
1099,SG,10,2024,84000,85680,82320
1100,SG,10,2025,90000,91800,88200
1101,SG,11,2015,44640,45533,43747
1102,SG,11,2016,47120,48062,46178
1103,SG,11,2017,49600,50592,48608
1104,SG,11,2018,52700,53754,51646
1105,SG,11,2019,55800,56916,54684
1106,SG,11,2020,53940,52861,55019
1107,SG,11,2021,57040,58181,55899
1108,SG,11,2022,60140,61343,58937
1109,SG,11,2023,65100,66402,63798
1110,SG,11,2024,69440,70829,68051
1111,SG,11,2025,74400,75888,72912
1112,SG,12,2015,46800,47736,45864
1113,SG,12,2016,49400,50388,48412
1114,SG,12,2017,52000,53040,50960
1115,SG,12,2018,55250,56355,54145
1116,SG,12,2019,58500,59670,57330
1117,SG,12,2020,56550,55419,57681
1118,SG,12,2021,59800,60996,58604
1119,SG,12,2022,63050,64311,61789
1120,SG,12,2023,68250,69615,66885
1121,SG,12,2024,72800,74256,71344
1122,SG,12,2025,78000,79560,76440
1123,SG,13,2015,72000,73440,70560
1124,SG,13,2016,76000,77520,74480
1125,SG,13,2017,80000,81600,78400
1126,SG,13,2018,85000,86700,83300
1127,SG,13,2019,90000,91800,88200
1128,SG,13,2020,87000,85260,88740
1129,SG,13,2021,92000,93840,90160
1130,SG,13,2022,97000,98940,95060
1131,SG,13,2023,105000,107100,102900
1132,SG,13,2024,112000,114240,109760
1133,SG,13,2025,120000,122400,117600
1134,SG,14,2015,50400,51408,49392
1135,SG,14,2016,53200,54264,52136
1136,SG,14,2017,56000,57120,54880
1137,SG,14,2018,59500,60690,58310
1138,SG,14,2019,63000,64260,61740
1139,SG,14,2020,60900,59682,62118
1140,SG,14,2021,64400,65688,63112
1141,SG,14,2022,67900,69258,66542
1142,SG,14,2023,73500,74970,72030
1143,SG,14,2024,78400,79968,76832
1144,SG,14,2025,84000,85680,82320
1145,SG,15,2015,46080,47002,45158
1146,SG,15,2016,48640,49613,47667
1147,SG,15,2017,51200,52224,50176
1148,SG,15,2018,54400,55488,53312
1149,SG,15,2019,57600,58752,56448
1150,SG,15,2020,55680,54566,56794
1151,SG,15,2021,58880,60058,57702
1152,SG,15,2022,62080,63322,60838
1153,SG,15,2023,67200,68544,65856
1154,SG,15,2024,71680,73114,70246
1155,SG,15,2025,76800,78336,75264
1156,JP,1,2015,40320,41126,39514
1157,JP,1,2016,42560,43411,41709
1158,JP,1,2017,44800,45696,43904
1159,JP,1,2018,47600,48552,46648
1160,JP,1,2019,50400,51408,49392
1161,JP,1,2020,48720,47746,49694
1162,JP,1,2021,51520,52550,50490
1163,JP,1,2022,54320,55406,53234
1164,JP,1,2023,58800,59976,57624
1165,JP,1,2024,62720,63974,61466
1166,JP,1,2025,67200,68544,65856
1167,JP,2,2015,28440,29009,27871
1168,JP,2,2016,30020,30620,29420
1169,JP,2,2017,31600,32232,30968
1170,JP,2,2018,33575,34246,32904
1171,JP,2,2019,35550,36261,34839
1172,JP,2,2020,34365,33678,35052
1173,JP,2,2021,36340,37067,35613
1174,JP,2,2022,38315,39081,37549
1175,JP,2,2023,41475,42304,40646
1176,JP,2,2024,44240,45125,43355
1177,JP,2,2025,47400,48348,46452
1178,JP,3,2015,43920,44798,43042
1179,JP,3,2016,46360,47287,45433
1180,JP,3,2017,48800,49776,47824
1181,JP,3,2018,51850,52887,50813
1182,JP,3,2019,54900,55998,53802
1183,JP,3,2020,53070,52009,54131
1184,JP,3,2021,56120,57242,54998
1185,JP,3,2022,59170,60353,57987
1186,JP,3,2023,64050,65331,62769
1187,JP,3,2024,68320,69686,66954
1188,JP,3,2025,73200,74664,71736
1189,JP,4,2015,51120,52142,50098
1190,JP,4,2016,53960,55039,52881
1191,JP,4,2017,56800,57936,55664
1192,JP,4,2018,60350,61557,59143
1193,JP,4,2019,63900,65178,62622
1194,JP,4,2020,61770,60535,63005
1195,JP,4,2021,65320,66626,64014
1196,JP,4,2022,68870,70247,67493
1197,JP,4,2023,74550,76041,73059
1198,JP,4,2024,79520,81110,77930
1199,JP,4,2025,85200,86904,83496
1200,JP,5,2015,54720,55814,53626
1201,JP,5,2016,57760,58915,56605
1202,JP,5,2017,60800,62016,59584
1203,JP,5,2018,64600,65892,63308
1204,JP,5,2019,68400,69768,67032
1205,JP,5,2020,66120,64798,67442
1206,JP,5,2021,69920,71318,68522
1207,JP,5,2022,73720,75194,72246
1208,JP,5,2023,79800,81396,78204
1209,JP,5,2024,85120,86822,83418
1210,JP,5,2025,91200,93024,89376
1211,JP,6,2015,28440,29009,27871
1212,JP,6,2016,30020,30620,29420
1213,JP,6,2017,31600,32232,30968
1214,JP,6,2018,33575,34246,32904
1215,JP,6,2019,35550,36261,34839
1216,JP,6,2020,34365,33678,35052
1217,JP,6,2021,36340,37067,35613
1218,JP,6,2022,38315,39081,37549
1219,JP,6,2023,41475,42304,40646
1220,JP,6,2024,44240,45125,43355
1221,JP,6,2025,47400,48348,46452
1222,JP,7,2015,37440,38189,36691
1223,JP,7,2016,39520,40310,38730
1224,JP,7,2017,41600,42432,40768
1225,JP,7,2018,44200,45084,43316
1226,JP,7,2019,46800,47736,45864
1227,JP,7,2020,45240,44335,46145
1228,JP,7,2021,47840,48797,46883
1229,JP,7,2022,50440,51449,49431
1230,JP,7,2023,54600,55692,53508
1231,JP,7,2024,58240,59405,57075
1232,JP,7,2025,62400,63648,61152
1233,JP,8,2015,46080,47002,45158
1234,JP,8,2016,48640,49613,47667
1235,JP,8,2017,51200,52224,50176
1236,JP,8,2018,54400,55488,53312
1237,JP,8,2019,57600,58752,56448
1238,JP,8,2020,55680,54566,56794
1239,JP,8,2021,58880,60058,57702
1240,JP,8,2022,62080,63322,60838
1241,JP,8,2023,67200,68544,65856
1242,JP,8,2024,71680,73114,70246
1243,JP,8,2025,76800,78336,75264
1244,JP,9,2015,43200,44064,42336
1245,JP,9,2016,45600,46512,44688
1246,JP,9,2017,48000,48960,47040
1247,JP,9,2018,51000,52020,49980
1248,JP,9,2019,54000,55080,52920
1249,JP,9,2020,52200,51156,53244
1250,JP,9,2021,55200,56304,54096
1251,JP,9,2022,58200,59364,57036
1252,JP,9,2023,63000,64260,61740
1253,JP,9,2024,67200,68544,65856
1254,JP,9,2025,72000,73440,70560
1255,JP,10,2015,37440,38189,36691
1256,JP,10,2016,39520,40310,38730
1257,JP,10,2017,41600,42432,40768
1258,JP,10,2018,44200,45084,43316
1259,JP,10,2019,46800,47736,45864
1260,JP,10,2020,45240,44335,46145
1261,JP,10,2021,47840,48797,46883
1262,JP,10,2022,50440,51449,49431
1263,JP,10,2023,54600,55692,53508
1264,JP,10,2024,58240,59405,57075
1265,JP,10,2025,62400,63648,61152
1266,JP,11,2015,31320,31946,30694
1267,JP,11,2016,33060,33721,32399
1268,JP,11,2017,34800,35496,34104
1269,JP,11,2018,36975,37714,36236
1270,JP,11,2019,39150,39933,38367
1271,JP,11,2020,37845,37088,38602
1272,JP,11,2021,40020,40820,39220
1273,JP,11,2022,42195,43039,41351
1274,JP,11,2023,45675,46588,44762
1275,JP,11,2024,48720,49694,47746
1276,JP,11,2025,52200,53244,51156
1277,JP,12,2015,32760,33415,32105
1278,JP,12,2016,34580,35272,33888
1279,JP,12,2017,36400,37128,35672
1280,JP,12,2018,38675,39448,37902
1281,JP,12,2019,40950,41769,40131
1282,JP,12,2020,39585,38793,40377
1283,JP,12,2021,41860,42697,41023
1284,JP,12,2022,44135,45018,43252
1285,JP,12,2023,47775,48730,46820
1286,JP,12,2024,50960,51979,49941
1287,JP,12,2025,54600,55692,53508
1288,JP,13,2015,47880,48838,46922
1289,JP,13,2016,50540,51551,49529
1290,JP,13,2017,53200,54264,52136
1291,JP,13,2018,56525,57656,55394
1292,JP,13,2019,59850,61047,58653
1293,JP,13,2020,57855,56698,59012
1294,JP,13,2021,61180,62404,59956
1295,JP,13,2022,64505,65795,63215
1296,JP,13,2023,69825,71222,68428
1297,JP,13,2024,74480,75970,72990
1298,JP,13,2025,79800,81396,78204
1299,JP,14,2015,34200,34884,33516
1300,JP,14,2016,36100,36822,35378
1301,JP,14,2017,38000,38760,37240
1302,JP,14,2018,40375,41182,39568
1303,JP,14,2019,42750,43605,41895
1304,JP,14,2020,41325,40498,42152
1305,JP,14,2021,43700,44574,42826
1306,JP,14,2022,46075,46996,45154
1307,JP,14,2023,49875,50872,48878
1308,JP,14,2024,53200,54264,52136
1309,JP,14,2025,57000,58140,55860
1310,JP,15,2015,31320,31946,30694
1311,JP,15,2016,33060,33721,32399
1312,JP,15,2017,34800,35496,34104
1313,JP,15,2018,36975,37714,36236
1314,JP,15,2019,39150,39933,38367
1315,JP,15,2020,37845,37088,38602
1316,JP,15,2021,40020,40820,39220
1317,JP,15,2022,42195,43039,41351
1318,JP,15,2023,45675,46588,44762
1319,JP,15,2024,48720,49694,47746
1320,JP,15,2025,52200,53244,51156
1321,NL,1,2015,56880,58018,55742
1322,NL,1,2016,60040,61241,58839
1323,NL,1,2017,63200,64464,61936
1324,NL,1,2018,67150,68493,65807
1325,NL,1,2019,71100,72522,69678
1326,NL,1,2020,68730,67355,70105
1327,NL,1,2021,72680,74134,71226
1328,NL,1,2022,76630,78163,75097
1329,NL,1,2023,82950,84609,81291
1330,NL,1,2024,88480,90250,86710
1331,NL,1,2025,94800,96696,92904
1332,NL,2,2015,41040,41861,40219
1333,NL,2,2016,43320,44186,42454
1334,NL,2,2017,45600,46512,44688
1335,NL,2,2018,48450,49419,47481
1336,NL,2,2019,51300,52326,50274
1337,NL,2,2020,49590,48598,50582
1338,NL,2,2021,52440,53489,51391
1339,NL,2,2022,55290,56396,54184
1340,NL,2,2023,59850,61047,58653
1341,NL,2,2024,63840,65117,62563
1342,NL,2,2025,68400,69768,67032
1343,NL,3,2015,60480,61690,59270
1344,NL,3,2016,63840,65117,62563
1345,NL,3,2017,67200,68544,65856
1346,NL,3,2018,71400,72828,69972
1347,NL,3,2019,75600,77112,74088
1348,NL,3,2020,73080,71618,74542
1349,NL,3,2021,77280,78826,75734
1350,NL,3,2022,81480,83110,79850
1351,NL,3,2023,88200,89964,86436
1352,NL,3,2024,94080,95962,92198
1353,NL,3,2025,100800,102816,98784
1354,NL,4,2015,69120,70502,67738
1355,NL,4,2016,72960,74419,71501
1356,NL,4,2017,76800,78336,75264
1357,NL,4,2018,81600,83232,79968
1358,NL,4,2019,86400,88128,84672
1359,NL,4,2020,83520,81850,85190
1360,NL,4,2021,88320,90086,86554
1361,NL,4,2022,93120,94982,91258
1362,NL,4,2023,100800,102816,98784
1363,NL,4,2024,107520,109670,105370
1364,NL,4,2025,115200,117504,112896
1365,NL,5,2015,73440,74909,71971
1366,NL,5,2016,77520,79070,75970
1367,NL,5,2017,81600,83232,79968
1368,NL,5,2018,86700,88434,84966
1369,NL,5,2019,91800,93636,89964
1370,NL,5,2020,88740,86965,90515
1371,NL,5,2021,93840,95717,91963
1372,NL,5,2022,98940,100919,96961
1373,NL,5,2023,107100,109242,104958
1374,NL,5,2024,114240,116525,111955
1375,NL,5,2025,122400,124848,119952
1376,NL,6,2015,41040,41861,40219
1377,NL,6,2016,43320,44186,42454
1378,NL,6,2017,45600,46512,44688
1379,NL,6,2018,48450,49419,47481
1380,NL,6,2019,51300,52326,50274
1381,NL,6,2020,49590,48598,50582
1382,NL,6,2021,52440,53489,51391
1383,NL,6,2022,55290,56396,54184
1384,NL,6,2023,59850,61047,58653
1385,NL,6,2024,63840,65117,62563
1386,NL,6,2025,68400,69768,67032
1387,NL,7,2015,51120,52142,50098
1388,NL,7,2016,53960,55039,52881
1389,NL,7,2017,56800,57936,55664
1390,NL,7,2018,60350,61557,59143
1391,NL,7,2019,63900,65178,62622
1392,NL,7,2020,61770,60535,63005
1393,NL,7,2021,65320,66626,64014
1394,NL,7,2022,68870,70247,67493
1395,NL,7,2023,74550,76041,73059
1396,NL,7,2024,79520,81110,77930
1397,NL,7,2025,85200,86904,83496
1398,NL,8,2015,61920,63158,60682
1399,NL,8,2016,65360,66667,64053
1400,NL,8,2017,68800,70176,67424
1401,NL,8,2018,73100,74562,71638
1402,NL,8,2019,77400,78948,75852
1403,NL,8,2020,74820,73324,76316
1404,NL,8,2021,79120,80702,77538
1405,NL,8,2022,83420,85088,81752
1406,NL,8,2023,90300,92106,88494
1407,NL,8,2024,96320,98246,94394
1408,NL,8,2025,103200,105264,101136
1409,NL,9,2015,58320,59486,57154
1410,NL,9,2016,61560,62791,60329
1411,NL,9,2017,64800,66096,63504
1412,NL,9,2018,68850,70227,67473
1413,NL,9,2019,72900,74358,71442
1414,NL,9,2020,70470,69061,71879
1415,NL,9,2021,74520,76010,73030
1416,NL,9,2022,78570,80141,76999
1417,NL,9,2023,85050,86751,83349
1418,NL,9,2024,90720,92534,88906
1419,NL,9,2025,97200,99144,95256
1420,NL,10,2015,48240,49205,47275
1421,NL,10,2016,50920,51938,49902
1422,NL,10,2017,53600,54672,52528
1423,NL,10,2018,56950,58089,55811
1424,NL,10,2019,60300,61506,59094
1425,NL,10,2020,58290,57124,59456
1426,NL,10,2021,61640,62873,60407
1427,NL,10,2022,64990,66290,63690
1428,NL,10,2023,70350,71757,68943
1429,NL,10,2024,75040,76541,73539
1430,NL,10,2025,80400,82008,78792
1431,NL,11,2015,42480,43330,41630
1432,NL,11,2016,44840,45737,43943
1433,NL,11,2017,47200,48144,46256
1434,NL,11,2018,50150,51153,49147
1435,NL,11,2019,53100,54162,52038
1436,NL,11,2020,51330,50303,52357
1437,NL,11,2021,54280,55366,53194
1438,NL,11,2022,57230,58375,56085
1439,NL,11,2023,61950,63189,60711
1440,NL,11,2024,66080,67402,64758
1441,NL,11,2025,70800,72216,69384
1442,NL,12,2015,43920,44798,43042
1443,NL,12,2016,46360,47287,45433
1444,NL,12,2017,48800,49776,47824
1445,NL,12,2018,51850,52887,50813
1446,NL,12,2019,54900,55998,53802
1447,NL,12,2020,53070,52009,54131
1448,NL,12,2021,56120,57242,54998
1449,NL,12,2022,59170,60353,57987
1450,NL,12,2023,64050,65331,62769
1451,NL,12,2024,68320,69686,66954
1452,NL,12,2025,73200,74664,71736
1453,NL,13,2015,65520,66830,64210
1454,NL,13,2016,69160,70543,67777
1455,NL,13,2017,72800,74256,71344
1456,NL,13,2018,77350,78897,75803
1457,NL,13,2019,81900,83538,80262
1458,NL,13,2020,79170,77587,80753
1459,NL,13,2021,83720,85394,82046
1460,NL,13,2022,88270,90035,86505
1461,NL,13,2023,95550,97461,93639
1462,NL,13,2024,101920,103958,99882
1463,NL,13,2025,109200,111384,107016
1464,NL,14,2015,46080,47002,45158
1465,NL,14,2016,48640,49613,47667
1466,NL,14,2017,51200,52224,50176
1467,NL,14,2018,54400,55488,53312
1468,NL,14,2019,57600,58752,56448
1469,NL,14,2020,55680,54566,56794
1470,NL,14,2021,58880,60058,57702
1471,NL,14,2022,62080,63322,60838
1472,NL,14,2023,67200,68544,65856
1473,NL,14,2024,71680,73114,70246
1474,NL,14,2025,76800,78336,75264
1475,NL,15,2015,42480,43330,41630
1476,NL,15,2016,44840,45737,43943
1477,NL,15,2017,47200,48144,46256
1478,NL,15,2018,50150,51153,49147
1479,NL,15,2019,53100,54162,52038
1480,NL,15,2020,51330,50303,52357
1481,NL,15,2021,54280,55366,53194
1482,NL,15,2022,57230,58375,56085
1483,NL,15,2023,61950,63189,60711
1484,NL,15,2024,66080,67402,64758
1485,NL,15,2025,70800,72216,69384
1486,AE,1,2015,51120,52142,50098
1487,AE,1,2016,53960,55039,52881
1488,AE,1,2017,56800,57936,55664
1489,AE,1,2018,60350,61557,59143
1490,AE,1,2019,63900,65178,62622
1491,AE,1,2020,61770,60535,63005
1492,AE,1,2021,65320,66626,64014
1493,AE,1,2022,68870,70247,67493
1494,AE,1,2023,74550,76041,73059
1495,AE,1,2024,79520,81110,77930
1496,AE,1,2025,85200,86904,83496
1497,AE,2,2015,36000,36720,35280
1498,AE,2,2016,38000,38760,37240
1499,AE,2,2017,40000,40800,39200
1500,AE,2,2018,42500,43350,41650
1501,AE,2,2019,45000,45900,44100
1502,AE,2,2020,43500,42630,44370
1503,AE,2,2021,46000,46920,45080
1504,AE,2,2022,48500,49470,47530
1505,AE,2,2023,52500,53550,51450
1506,AE,2,2024,56000,57120,54880
1507,AE,2,2025,60000,61200,58800
1508,AE,3,2015,54720,55814,53626
1509,AE,3,2016,57760,58915,56605
1510,AE,3,2017,60800,62016,59584
1511,AE,3,2018,64600,65892,63308
1512,AE,3,2019,68400,69768,67032
1513,AE,3,2020,66120,64798,67442
1514,AE,3,2021,69920,71318,68522
1515,AE,3,2022,73720,75194,72246
1516,AE,3,2023,79800,81396,78204
1517,AE,3,2024,85120,86822,83418
1518,AE,3,2025,91200,93024,89376
1519,AE,4,2015,62640,63893,61387
1520,AE,4,2016,66120,67442,64798
1521,AE,4,2017,69600,70992,68208
1522,AE,4,2018,73950,75429,72471
1523,AE,4,2019,78300,79866,76734
1524,AE,4,2020,75690,74176,77204
1525,AE,4,2021,80040,81641,78439
1526,AE,4,2022,84390,86078,82702
1527,AE,4,2023,91350,93177,89523
1528,AE,4,2024,97440,99389,95491
1529,AE,4,2025,104400,106488,102312
1530,AE,5,2015,67680,69034,66326
1531,AE,5,2016,71440,72869,70011
1532,AE,5,2017,75200,76704,73696
1533,AE,5,2018,79900,81498,78302
1534,AE,5,2019,84600,86292,82908
1535,AE,5,2020,81780,80144,83416
1536,AE,5,2021,86480,88210,84750
1537,AE,5,2022,91180,93004,89356
1538,AE,5,2023,98700,100674,96726
1539,AE,5,2024,105280,107386,103174
1540,AE,5,2025,112800,115056,110544
1541,AE,6,2015,36000,36720,35280
1542,AE,6,2016,38000,38760,37240
1543,AE,6,2017,40000,40800,39200
1544,AE,6,2018,42500,43350,41650
1545,AE,6,2019,45000,45900,44100
1546,AE,6,2020,43500,42630,44370
1547,AE,6,2021,46000,46920,45080
1548,AE,6,2022,48500,49470,47530
1549,AE,6,2023,52500,53550,51450
1550,AE,6,2024,56000,57120,54880
1551,AE,6,2025,60000,61200,58800
1552,AE,7,2015,45360,46267,44453
1553,AE,7,2016,47880,48838,46922
1554,AE,7,2017,50400,51408,49392
1555,AE,7,2018,53550,54621,52479
1556,AE,7,2019,56700,57834,55566
1557,AE,7,2020,54810,53714,55906
1558,AE,7,2021,57960,59119,56801
1559,AE,7,2022,61110,62332,59888
1560,AE,7,2023,66150,67473,64827
1561,AE,7,2024,70560,71971,69149
1562,AE,7,2025,75600,77112,74088
1563,AE,8,2015,56160,57283,55037
1564,AE,8,2016,59280,60466,58094
1565,AE,8,2017,62400,63648,61152
1566,AE,8,2018,66300,67626,64974
1567,AE,8,2019,70200,71604,68796
1568,AE,8,2020,67860,66503,69217
1569,AE,8,2021,71760,73195,70325
1570,AE,8,2022,75660,77173,74147
1571,AE,8,2023,81900,83538,80262
1572,AE,8,2024,87360,89107,85613
1573,AE,8,2025,93600,95472,91728
1574,AE,9,2015,52560,53611,51509
1575,AE,9,2016,55480,56590,54370
1576,AE,9,2017,58400,59568,57232
1577,AE,9,2018,62050,63291,60809
1578,AE,9,2019,65700,67014,64386
1579,AE,9,2020,63510,62240,64780
1580,AE,9,2021,67160,68503,65817
1581,AE,9,2022,70810,72226,69394
1582,AE,9,2023,76650,78183,75117
1583,AE,9,2024,81760,83395,80125
1584,AE,9,2025,87600,89352,85848
1585,AE,10,2015,43200,44064,42336
1586,AE,10,2016,45600,46512,44688
1587,AE,10,2017,48000,48960,47040
1588,AE,10,2018,51000,52020,49980
1589,AE,10,2019,54000,55080,52920
1590,AE,10,2020,52200,51156,53244
1591,AE,10,2021,55200,56304,54096
1592,AE,10,2022,58200,59364,57036
1593,AE,10,2023,63000,64260,61740
1594,AE,10,2024,67200,68544,65856
1595,AE,10,2025,72000,73440,70560
1596,AE,11,2015,38880,39658,38102
1597,AE,11,2016,41040,41861,40219
1598,AE,11,2017,43200,44064,42336
1599,AE,11,2018,45900,46818,44982
1600,AE,11,2019,48600,49572,47628
1601,AE,11,2020,46980,46040,47920
1602,AE,11,2021,49680,50674,48686
1603,AE,11,2022,52380,53428,51332
1604,AE,11,2023,56700,57834,55566
1605,AE,11,2024,60480,61690,59270
1606,AE,11,2025,64800,66096,63504
1607,AE,12,2015,40320,41126,39514
1608,AE,12,2016,42560,43411,41709
1609,AE,12,2017,44800,45696,43904
1610,AE,12,2018,47600,48552,46648
1611,AE,12,2019,50400,51408,49392
1612,AE,12,2020,48720,47746,49694
1613,AE,12,2021,51520,52550,50490
1614,AE,12,2022,54320,55406,53234
1615,AE,12,2023,58800,59976,57624
1616,AE,12,2024,62720,63974,61466
1617,AE,12,2025,67200,68544,65856
1618,AE,13,2015,59040,60221,57859
1619,AE,13,2016,62320,63566,61074
1620,AE,13,2017,65600,66912,64288
1621,AE,13,2018,69700,71094,68306
1622,AE,13,2019,73800,75276,72324
1623,AE,13,2020,71340,69913,72767
1624,AE,13,2021,75440,76949,73931
1625,AE,13,2022,79540,81131,77949
1626,AE,13,2023,86100,87822,84378
1627,AE,13,2024,91840,93677,90003
1628,AE,13,2025,98400,100368,96432
1629,AE,14,2015,41760,42595,40925
1630,AE,14,2016,44080,44962,43198
1631,AE,14,2017,46400,47328,45472
1632,AE,14,2018,49300,50286,48314
1633,AE,14,2019,52200,53244,51156
1634,AE,14,2020,50460,49451,51469
1635,AE,14,2021,53360,54427,52293
1636,AE,14,2022,56260,57385,55135
1637,AE,14,2023,60900,62118,59682
1638,AE,14,2024,64960,66259,63661
1639,AE,14,2025,69600,70992,68208
1640,AE,15,2015,38880,39658,38102
1641,AE,15,2016,41040,41861,40219
1642,AE,15,2017,43200,44064,42336
1643,AE,15,2018,45900,46818,44982
1644,AE,15,2019,48600,49572,47628
1645,AE,15,2020,46980,46040,47920
1646,AE,15,2021,49680,50674,48686
1647,AE,15,2022,52380,53428,51332
1648,AE,15,2023,56700,57834,55566
1649,AE,15,2024,60480,61690,59270
1650,AE,15,2025,64800,66096,63504
